state_name,district_name,total_no_of_active_workers,total_households_worked,approved_labour_budget,total_expenditure,wages,active_worker_ratio,job_card_activation_rate,work_completion_rate,average_days_employment_per_household
ANDAMAN AND NICOBAR,SOUTH ANDAMAN,3662,134,32000,48.29617,48.29617,0.2009989571326637,0.174718822946877,0.0,21
ANDAMAN AND NICOBAR,NICOBARS,1898,252,33000,22.168595,22.168595,0.19426816786079837,0.1641888580297337,0.1076923076923077,20
ANDAMAN AND NICOBAR,NORTH AND MIDDLE ANDAMAN,8183,1131,85000,170.347946,139.11158,0.2790261533740239,0.24185136897001303,0.22116689280868385,24
ANDHRA PRADESH,SRIKAKULAM,647872,316311,15600000,53855.1551720644,32465.1309985994,0.8911863786612231,0.8651534798324632,0.12407560410865286,43
ANDHRA PRADESH,VIZIANAGARAM,585376,280432,12200000,38330.4816537116,24775.4553962996,0.9247719176296811,0.9112669114700116,0.09021747386009772,40
ANDHRA PRADESH,VISAKHAPATANAM,49656,25506,1400000,5534.74467767603,3584.21273730003,0.907472724282242,0.883008200621344,0.07572218807621389,51
ANDHRA PRADESH,EAST GODAVARI,183385,80948,3400000,15871.7048870819,8776.42034519986,0.8320666796734982,0.8193891834863017,0.16330338433274966,39
ANDHRA PRADESH,WEST GODAVARI,211387,92243,3400000,12381.9841272719,8564.67316149992,0.7983314827823224,0.7803724755109445,0.07867124295170384,32
ANDHRA PRADESH,KRISHNA,329139,139501,6100000,24999.1556295759,15250.0207273999,0.849893227223314,0.8176117997519082,0.217218456725756,38
ANDHRA PRADESH,GUNTUR,154014,57229,2000000,7211.47826965901,4468.94866870001,0.678738894373149,0.653880131710558,0.04081501271445585,30
ANDHRA PRADESH,PRAKASAM,662062,287977,11500000,40737.6562086524,25528.6659428994,0.8812031155998276,0.861956467183082,0.04334388950360563,35
ANDHRA PRADESH,NELLORE,437170,183377,7900000,28450.6639944457,17582.0914185997,0.8280801315320913,0.8168933009974427,0.14369428854407396,39
ANDHRA PRADESH,CHITTOOR,353377,106025,4500000,20643.727943209,11855.2666274,0.8017101540681385,0.7846717475808128,0.12651570167910037,41
ANDHRA PRADESH,Y.S.R,342508,135138,7000000,26223.4353768978,16877.2284930998,0.7700217849250117,0.7593842398827123,0.13841627998665576,45
ANDHRA PRADESH,ANANTAPUR,467045,172579,7700000,33525.1903955306,20824.4116198996,0.8294351859744835,0.8231414887572043,0.11722431521752645,43
ANDHRA PRADESH,KURNOOL,490069,175799,5800000,23455.0773018137,14782.9761264997,0.8392756529587152,0.8245513414098822,0.09439666184109682,31
ANDHRA PRADESH,ALLURI SITHARAMA RAJU,458849,203787,11200000,45396.7355754505,31305.8073234815,0.925852912452885,0.9050635831039626,0.060150747254511,52
ANDHRA PRADESH,ANAKAPALLI,373235,195592,9800000,36446.939183951,25734.2413773,0.8823751917898575,0.8602547733093222,0.06328561977506465,46
ANDHRA PRADESH,KONASEEMA,244080,116506,5100000,21737.635958151,13869.9243678,0.7172684555277689,0.6792781283877091,0.13169973349126443,40
ANDHRA PRADESH,ELURU,563280,233298,10300000,35438.8105694249,25732.9362186998,0.8711494384420517,0.8519051632606149,0.12480622658571244,39
ANDHRA PRADESH,NTR,314089,125314,4100000,19170.7959423881,10853.9399402001,0.832411932450626,0.8153437929357551,0.20097575546373275,29
ANDHRA PRADESH,BAPATLA,375156,164819,5700000,20672.4276203541,14175.6946488001,0.8622551351798606,0.8356834993885692,0.1675278486109247,31
ANDHRA PRADESH,PALNADU,464792,193697,6700000,27259.8007719132,16363.6954234002,0.8396673790473369,0.8142714691018433,0.04298285939449662,30
ANDHRA PRADESH,NANDYAL,397317,156677,5800000,22326.7323983699,14231.2983072999,0.8094848082929423,0.7916204757909875,0.11774266365688488,34
ANDHRA PRADESH,SRI SATHYA SAI,373928,131919,6000000,27212.4554518698,15297.7264054998,0.8166649194534717,0.8055981384086853,0.07424622919623777,41
ANDHRA PRADESH,ANNAMAYYA,290128,128201,5700000,22365.6117236321,15001.8960109001,0.8818855513608482,0.8748214143979681,0.1505890603085554,42
ANDHRA PRADESH,TIRUPATI,341195,139000,6800000,29380.1192051088,17844.0262236998,0.8689855234874031,0.857390898284938,0.318275438057178,45
ANDHRA PRADESH,PARVATHIPURAM MANYAM,362566,171357,9400000,31323.9955939836,22155.5467114005,0.9230976828737356,0.9054529401543223,0.1676825747173637,49
ANDHRA PRADESH,KAKINADA,305473,142404,4900000,23872.382708455,12812.4076381,0.8216521105280288,0.8088270578758847,0.13623101840152543,32
ARUNACHAL PRADESH,TAWANG,14143,8532,456478,1480.988676695,1077.18249,0.9417992941333155,0.9372398001665279,0.34256055363321797,50
ARUNACHAL PRADESH,WEST KAMENG,13855,8415,583746,1252.32477519099,792.825381099992,0.9198034920002656,0.9157704621952221,0.1825657894736842,39
ARUNACHAL PRADESH,EAST KAMENG,36771,35742,1571343,6194.39200970812,3659.19278200012,0.9745050751331725,0.9748422628595872,0.22722159730033745,45
ARUNACHAL PRADESH,LOWER SUBANSIRI,8801,4755,342817,603.650813215,442.4593428,0.8027179861364465,0.8153455049688005,0.009868421052631578,35
ARUNACHAL PRADESH,UPPER SUBANSIRI,41296,41209,1225552,8077.24943959999,5574.62234449999,0.9873992779092844,0.9873766407971639,0.2250733137829912,59
ARUNACHAL PRADESH,WEST SIANG,16290,6906,294362,787.017776700001,606.725659300001,0.9056540835047534,0.8692663268934455,0.0975609756097561,40
ARUNACHAL PRADESH,EAST SIANG,13618,9432,329560,928.909995076002,624.453391000001,0.9873839907192575,0.9866824504291211,0.2694610778443114,32
ARUNACHAL PRADESH,LOHIT,7780,3939,274407,919.83380751,650.6921618,0.9823232323232324,0.9846344048039563,0.3018181818181818,68
ARUNACHAL PRADESH,CHANGLANG,30289,10877,781232,1885.711094248,1054.017526,0.9728905020396365,0.9654889071487264,0.25969341749323716,40
ARUNACHAL PRADESH,TIRAP,39582,25554,541210,4161.181938076,2980.11722,0.9489355581127733,0.9445176453829992,0.1874180865006553,47
ARUNACHAL PRADESH,PAPUM PARE,35070,27626,1240128,4931.56332159999,3402.53115979999,0.9900347232024391,0.9887546273660683,0.24037460978147762,51
ARUNACHAL PRADESH,UPPER SIANG,8660,8238,352009,1447.095415144,1164.8667749,0.9617947578853843,0.9617555581154245,0.27882599580712786,59
ARUNACHAL PRADESH,LOWER DIBANG VALLEY,14211,13521,506441,1784.362334044,1234.55018,0.9835282718527234,0.9836631223153299,0.26506024096385544,38
ARUNACHAL PRADESH,UPPER DIBANG VALLEY,2830,2818,133842,855.5432615,585.89673,0.9933309933309933,0.9932862190812721,0.381294964028777,86
ARUNACHAL PRADESH,KURUNG KUMEY,23743,15638,1009520,2709.1869727,897.79897,0.9504423361754933,0.956669889947967,0.278125,31
ARUNACHAL PRADESH,ANJAW,9156,7979,440343,1337.7472834,950.1867478,0.9651101507325814,0.9642777901042823,0.2606177606177606,52
ARUNACHAL PRADESH,LONGDING,18737,6087,798407,885.4063112,688.534183,0.9073168369570481,0.8615032943391152,0.14482758620689656,47
ARUNACHAL PRADESH,KRA-DAADI,22424,21208,1125119,4200.0268973,2967.470723,0.9698961937716263,0.9736666814689817,0.2574679943100996,61
ARUNACHAL PRADESH,SIANG,11394,5678,378728,1012.31209743799,535.647303399995,0.8848334239341461,0.8588567395906845,0.3465553235908142,36
ARUNACHAL PRADESH,NAMSAI,30200,15649,857471,1700.5698691,1192.2469325,0.9793747567777922,0.9777973180918883,0.2544570502431118,32
ARUNACHAL PRADESH,SHI YOMI,5382,2020,153328,338.136804200001,271.815041400001,0.9292127071823204,0.9046679815910585,0.1683673469387755,56
ARUNACHAL PRADESH,PAKKE KESSANG,7793,7148,336046,1201.4176878,478.196431199997,0.9583128381701919,0.9581326417191552,0.2768361581920904,28
ARUNACHAL PRADESH,LEPARADA,8508,4933,213813,305.2878595,258.3525832,0.9868924718710126,0.9820237212750186,0.24232081911262798,25
ARUNACHAL PRADESH,KAMLE,11554,10067,559673,1576.87837,1083.54392,0.8929592704227529,0.8967662709783054,0.07051282051282051,47
ARUNACHAL PRADESH,LOWER SIANG,10444,3012,254672,419.208778058,133.8110664,0.9252303330970942,0.9038961038961039,0.44807121661721067,20
ARUNACHAL PRADESH,KEYI PANYOR,10723,6688,239753,1181.8189105,1145.4516105,0.9567273376159886,0.9502206287920574,0.09502262443438914,72
ASSAM,DHUBRI,343966,61626,2248782,6642.328594412,5101.3583445,0.46415217059818126,0.41985067377528773,0.18289703315881325,34
ASSAM,KOKRAJHAR,319914,82375,1677785,7714.1619489,6293.1443666,0.5957718623248053,0.5694945782826265,0.22441016006070022,31
ASSAM,BONGAIGAON,155739,15150,750651,1849.931861023,1494.7615318,0.4751559048583737,0.4540850756691098,0.39752021563342316,39
ASSAM,GOALPARA,215436,25981,1119144,3159.10528788499,2018.25060429999,0.4765502992872848,0.40845421918698155,0.39112239297475304,31
ASSAM,BARPETA,260036,27829,1838623,4659.93997603201,3508.65592170001,0.5382141216112728,0.5154440808417515,0.4287824636645223,50
ASSAM,NALBARI,203792,42467,1833407,4009.32487161898,2722.90939099999,0.6317584219679521,0.587748604569812,0.3726004695484049,25
ASSAM,KAMRUP,300574,65327,2011087,6778.03668971699,6000.72617119999,0.4098984165860936,0.36436640238295426,0.34092276830491475,37
ASSAM,DARRANG,258697,55391,1483666,6452.27509338198,4840.35378929998,0.6035776447366579,0.5461866962819739,0.41125015962201505,35
ASSAM,SONITPUR,187806,50212,1831040,3962.20263331701,3410.14305590001,0.5343580084276776,0.5050162843387143,0.19460715495957787,27
ASSAM,LAKHIMPUR,282987,63479,1483771,5310.470519975,4244.8107055,0.575727983496396,0.514259599210403,0.37106871915739853,27
ASSAM,DHEMAJI,257552,47825,1511991,3784.18149428,2909.5238028,0.5963342687523733,0.5334624837104349,0.666603766464128,24
ASSAM,Morigaon,202978,39599,1023711,3758.344815076,2773.6996343,0.5989000289155489,0.5337608917647283,0.32399871492825016,27
ASSAM,NAGAON,397420,102208,2445793,10225.014968339,7695.18826290004,0.5655211668445393,0.5066734447108243,0.24508664548952766,30
ASSAM,GOLAGHAT,238269,39248,2134278,5284.946736829,3994.9162713,0.5858175836982364,0.5444854217285665,0.4227197778356331,40
ASSAM,JORHAT,134819,23462,1462615,2120.816708777,1824.410242,0.5105001287430138,0.45896035393117174,0.3669358339845446,30
ASSAM,SIVASAGAR,161006,27975,1793587,3940.045941579,2671.7770933,0.6743961028897424,0.6126503651858621,0.4678356558852265,38
ASSAM,DIBRUGARH,212338,40536,1825059,3460.671359118,2519.8306668,0.6174860050890585,0.552067981269705,0.47091292032827364,25
ASSAM,TINSUKIA,178837,35750,2493754,3439.989005027,2761.1226833,0.5452231202382876,0.47223994617705145,0.3379495437466452,31
ASSAM,KARBI ANGLONG,154743,47086,1294655,4717.909620466,3911.9281861,0.5685130552667448,0.5234552702544261,0.42727576694808994,33
ASSAM,Dima Hasao,41160,8707,399291,789.242039,622.0079128,0.5408317456146113,0.5072909459009252,0.43555293075446627,28
ASSAM,Sribhumi,161504,41634,1826277,4733.82399503699,3276.52074559999,0.4963687605840717,0.44911748016819925,0.40606648623806363,31
ASSAM,HAILAKANDI,195197,39052,1930962,3317.85015497201,2509.28415250001,0.6870666169192755,0.6126891197821168,0.24177176253460475,26
ASSAM,CACHAR,180519,47949,2932726,5740.864945203,4931.2353592,0.3513546654209973,0.32326062916166676,0.3228270014885768,41
ASSAM,BAKSA,165447,51616,940646,3826.717660577,3199.17915,0.6411009544033138,0.6013615328262825,0.23346821424768396,24
ASSAM,CHIRANG,164814,31475,590819,3735.761156228,2387.34785,0.5895731681142415,0.5574374756800736,0.32301007673107146,30
ASSAM,KAMRUP (METRO),32267,2763,171614,357.493505593,217.8690756,0.32230901390442707,0.28382404648666654,0.6151354534746761,30
ASSAM,UDALGURI,268696,67053,1426034,6149.157315928,4408.4251216,0.593958203465213,0.5304272118646612,0.32255608567658106,26
ASSAM,Biswanath,145288,48283,2216668,4766.436557874,3729.9945708,0.6966411737910863,0.6286942581289854,0.31784368660032847,31
ASSAM,HOJAI,154476,34981,1022473,3332.316249522,2949.2995561,0.5251052923200342,0.472853751334764,0.3539786140813776,33
ASSAM,CHARAIDEO,73772,12485,587038,1285.87807445,993.6912764,0.5264765493420114,0.4701658007082106,0.30629348513598986,31
ASSAM,SOUTH SALMARA-MANKACHAR,103380,19769,1085924,1675.369409896,1193.0373074,0.45900969701275174,0.4189527255548278,0.3276291931097008,25
ASSAM,MAJULI,45698,10953,936534,800.229449215998,614.993628299998,0.7301399629321915,0.6589250006023081,0.6330954994511526,22
ASSAM,BAJALI,68433,8639,475875,1306.025998463,1056.0611709,0.5513765681274323,0.5041677482622364,0.31698174706649285,47
ASSAM,WEST KARBI ANGLONG,54759,13618,655361,1515.59333168,1267.6920594,0.43287404842649463,0.38925859450503936,0.3775654341503947,38
ASSAM,TAMULPUR,116633,20829,538359,2005.980830328,1408.81106,0.5583812482944508,0.4833593888503876,0.21802074330164217,27
BIHAR,PATNA,252259,107838,4666006,13375.94207587,9630.92039230002,0.2971094548692412,0.2950105192072933,0.26107554713318387,35
BIHAR,NALANDA,351125,169459,8545742,23341.686903824,16955.5886652,0.43218416553530525,0.4773730052340503,0.4088681783243659,40
BIHAR,BHOJPUR,222626,100884,3570313,11953.070066568,10299.0530606,0.2507588907073481,0.30554617840805975,0.3802374700308254,39
BIHAR,ROHTAS,262297,113191,5037483,13915.558792778,10726.0247976,0.43706332741799764,0.44245891722955943,0.3509767543380989,37
BIHAR,AURANAGABAD,326119,128112,5773470,17208.2794622851,13203.8133116,0.4359232787647822,0.4417403798661937,0.49557979758181686,39
BIHAR,JEHANABAD,168646,94935,2912866,11359.0196598181,9499.27614850006,0.5410436149564493,0.5424084490083768,0.27601846602413543,41
BIHAR,GAYAJI,530238,252650,10757386,29664.9898207621,23479.7795038001,0.37619485809275355,0.42484591558286844,0.28306750443048173,35
BIHAR,NAWADA,341470,183482,7626297,23712.127921528,17349.5747677,0.4754796639741339,0.4733713970246397,0.2278444676409186,38
BIHAR,SARAN,281684,154375,7215466,20645.072739048,16231.1146891,0.37620115417644395,0.3853661996117455,0.4392288871226643,41
BIHAR,SIWAN,199345,88059,5011933,11950.1905107,9403.3091944,0.35324502724493867,0.3758425663702158,0.4632943249024789,42
BIHAR,GOPALGANJ,154635,63563,3146820,8771.024804556,6649.76485200001,0.3637768712860107,0.3561700645289717,0.3571503441528947,40
BIHAR,PASHCHIM CHAMPARAN,384773,135546,6001792,17006.448437226,12971.4904998,0.35965740415317543,0.34993462414201576,0.397857941937022,36
BIHAR,PURBI CHAMPARAN,591170,255712,10091803,33782.838947015,26175.3649557,0.37186092752306793,0.3844651618999007,0.4569898993399054,39
BIHAR,SITAMARHI,347594,116729,6189131,15979.38988201,11418.9247902,0.33728619654731745,0.343276409383939,0.35218889743370646,37
BIHAR,MUZAFFARPUR,395530,175185,7472693,22120.411665976,16260.3988845,0.33091129656355234,0.3388855665199695,0.2261776429592118,35
BIHAR,VAISHALI,302675,149951,7584774,19419.518373053,13552.2092556,0.34237626719092534,0.337926983287808,0.4043038232005692,35
BIHAR,BEGUSARAI,228927,79424,3499115,12775.0566111,10137.5401478,0.2916739396055158,0.2932946673111004,0.4005173389378385,49
BIHAR,SAMASTIPUR,483682,195151,9718699,26478.759502032,19512.6502664,0.39492659252297835,0.39453385745012237,0.3943131064629549,39
BIHAR,DARBHANGA,382696,170043,6609591,20010.675247807,13953.3044771,0.3673302099860726,0.36036515252380147,0.31314257401213924,32
BIHAR,MADHUBANI,380781,141058,5633232,18497.168933514,14633.5273951,0.25500270217238585,0.27415859513522123,0.3675432291886864,41
BIHAR,SAHARSA,374033,201041,8965221,21810.276452702,18961.5384168,0.5669967286872001,0.5682992252082738,0.3482457819464574,37
BIHAR,MADHEPURA,257748,96194,4073438,12418.519790985,9159.14808150001,0.36547661924059677,0.3760170041920057,0.3679892601431981,38
BIHAR,PURNIA,365134,140201,6806907,19728.41129224,14230.7629549,0.39081357862424165,0.3995989768426169,0.35247563491498896,40
BIHAR,KATIHAR,415914,159119,7650837,19639.380672677,13560.5717916,0.4366358648752496,0.45262750383956213,0.3080434866715673,33
BIHAR,KHAGARIA,123252,45178,1538413,6420.98290970701,5158.1279512,0.26579485929814045,0.28404817404817406,0.46128648961109864,46
BIHAR,MUNGER,161500,89207,4497795,12260.879676268,8680.30843140001,0.547823461769385,0.5473798891376441,0.2983619736709878,39
BIHAR,BHAGALPUR,262902,121202,4728718,16266.9904653,13735.0852051,0.3386795077912441,0.37421364408487606,0.4224513358585347,43
BIHAR,ARARIA,412081,136528,6061647,21060.6253688899,15510.0185866,0.3768600377334678,0.3811040057012355,0.5843098434696529,44
BIHAR,KISHANGANJ,249638,119746,6748333,14150.0602215,12069.7618841,0.4768133242925767,0.5098974528287941,0.5936995737096891,39
BIHAR,SHEOHAR,99197,35690,1511230,4511.90602120901,3375.71718920001,0.44802807486631013,0.42495662666514583,0.28653587745229775,37
BIHAR,SUPAUL,292378,88983,4132355,12756.89912502,10228.3950372,0.3514247354801023,0.34802611172966,0.5277194601453454,44
BIHAR,BANKA ,226894,85193,3862622,8424.389316064,6494.9994422,0.3373271505732037,0.3272816885184297,0.31152616180172826,31
BIHAR,LAKHISARAI,149753,85839,3067009,8830.92141036197,7431.61423939996,0.5180169428791825,0.523466331995477,0.2786187610189069,34
BIHAR,Sheikhpura ,72371,33790,1448804,4268.83123546999,3327.27485939999,0.45702611902596746,0.447755329928245,0.4311560349953283,40
BIHAR,BUXAR ,161429,85806,4509727,11377.413382471,7752.10500120001,0.43365515833360196,0.4298901547752768,0.34680289289404204,36
BIHAR,KAIMUR (BHABUA),209078,84545,3883345,10249.767553992,8231.8367503,0.4782423715632005,0.4682418706677713,0.3415648978709608,38
BIHAR,JAMUI,351516,170611,7845879,17709.9900884,13705.4183646,0.5568729088512623,0.5665607935517443,0.3321154426306439,32
BIHAR,ARWAL,104281,50366,1603108,5489.68642885502,4181.19386940003,0.47950798942407175,0.47616107892487414,0.45164120184223994,32
GOA,NORTH GOA,3758,1048,41079,101.5272615,96.1674615,0.14840263791809818,0.14009345794392522,0.11138613861386139,21
GOA,SOUTH GOA,4660,1214,58921,123.0268005,120.7690105,0.1722863058266785,0.1642390241391734,0.08711433756805807,22
GUJARAT,JAMNAGAR,33885,5476,550000,726.3797903,538.6495385,0.35729725739953816,0.3526057068243788,0.31967686093479514,39
GUJARAT,RAJKOT,36048,4968,450000,717.214086962,575.3278149,0.12394528913003115,0.13081462040359362,0.536281179138322,44
GUJARAT,SURENDRANAGAR,65448,10006,900000,1683.883928644,1312.140812,0.3653231073228729,0.3450178895260501,0.4297041781030802,47
GUJARAT,BHAVNAGAR,76843,13313,750000,2033.731231,1800.1519825,0.3289413416550018,0.30411567767259295,0.5570291777188329,53
GUJARAT,AMRELI,60937,7218,500000,1001.275710016,804.6212523,0.19637206184703235,0.17752391427523914,0.3642578125,44
GUJARAT,JUNAGADH,74432,3093,550000,535.3973636,388.3082436,0.24728485665970093,0.24572036953204904,0.38105606967882416,45
GUJARAT,KACHCHH,57419,13284,800000,1690.4615757,1513.4515057,0.3644447547476389,0.3416125334352312,0.38263701707097936,44
GUJARAT,BANAS KANTHA,146055,40522,2800000,6048.054172634,4948.139089,0.34752576313854633,0.3174587941748039,0.470200313247053,47
GUJARAT,SABAR KANTHA,150928,30437,2300000,4380.57312790499,2998.35006029999,0.4184157488086096,0.38102785549859025,0.31441191983122363,37
GUJARAT,MAHESANA,49010,8882,950000,1217.861578006,1036.8568522,0.2709935693629633,0.25678364920611874,0.4029261155815655,41
GUJARAT,GANDHINAGAR,17970,3448,400000,635.239310965,363.0902063,0.29021317829457366,0.2816864467903744,0.3846823324630113,37
GUJARAT,AHMADABAD,30169,6076,500000,951.851282736996,713.055169399996,0.20818985446239416,0.1982524578929334,0.36267995570321154,47
GUJARAT,KHEDA,78219,12792,700000,1807.935258452,1565.486213,0.22596720515842753,0.21111599177878645,0.371024524136285,43
GUJARAT,PANCH MAHALS,288592,78550,5600000,14719.748217964,9293.76823669999,0.4460463678516229,0.4121770794123693,0.28056338028169014,42
GUJARAT,VADODARA,34138,5274,400000,745.695756454001,634.8289922,0.13442009725749612,0.12766590688018117,0.45196421625826527,42
GUJARAT,BHARUCH,49274,6157,550000,497.98061,391.22168,0.17384278859723398,0.1558879462659995,0.34551495016611294,25
GUJARAT,SURAT,163350,26028,1500000,4920.47273294201,2910.3620672,0.38142538913095253,0.3282918918369318,0.6941822173435784,38
GUJARAT,VALSAD,124677,20591,1300000,2182.750796368,1796.517472,0.25425864934588205,0.2383526833490379,0.5559040434008646,31
GUJARAT,DANG,62390,20239,1350000,2758.3346696,2560.0310865,0.6222510347578916,0.6098074774230184,0.6583212385099177,41
GUJARAT,PATAN,101283,14085,850000,2223.78033359,1511.6324963,0.18012527298983447,0.16093486949613695,0.5376008804108584,43
GUJARAT,PORBANDAR,19068,3262,250000,580.28835378,320.8460245,0.2580942068218733,0.24518717349265448,0.5034695451040864,43
GUJARAT,ANAND,39216,6049,550000,664.767599442,435.9621693,0.41792508125965794,0.36791345860189995,0.6082964977898674,28
GUJARAT,DOHAD,637802,70659,11000000,8469.7826780999,8076.2341280999,0.4720857419894451,0.47566838961960084,0.04871303309343474,43
GUJARAT,NARMADA,188451,54428,3400000,3925.723144,3760.652424,0.7807977394482033,0.7351583432869548,0.41550046174611066,26
GUJARAT,NAVSARI  ,101563,32912,1400000,2961.90380810001,2501.64695030001,0.4754532729749594,0.4430495573871632,0.4561198221390124,28
GUJARAT,TAPI,206456,31723,1500000,3169.766009435,2592.1478314,0.4632756191040382,0.4147003920104536,0.47943478837733844,30
GUJARAT,Morbi,13761,2845,200000,377.0307209,296.2537164,0.16900630043108214,0.16637699102402323,0.3326848249027237,41
GUJARAT,Botad,41915,7916,450000,940.608655204002,814.959945800002,0.3353360961326144,0.32464816902432814,0.5316681534344335,39
GUJARAT,Chhotaudepur,141018,30744,1900000,4225.21542415301,3471.79252730001,0.27599556114869955,0.2706199624265196,0.5600590008337074,40
GUJARAT,ARVALLI,163928,46391,3300000,5718.29905454698,5106.40187639998,0.5169420171485695,0.4947897526611813,0.5055881531153954,46
GUJARAT,GIR SOMNATH,54824,6218,500000,876.680369175,622.4675317,0.44864157119476267,0.39993755280461374,0.4129692832764505,36
GUJARAT,DEVBHUMI DWARKA,23969,2531,350000,367.5130137,284.7154457,0.2343377263306089,0.241418961651239,0.5873897419144071,43
GUJARAT,MAHISAGAR,175574,38440,1500000,4729.21694725,4341.5721319,0.463331732367828,0.4458161179972455,0.3143148242485991,43
HARYANA,AMBALA,16323,2744,155200,355.1780413,297.5333313,0.2679591568717578,0.2239602334914265,0.12137203166226913,26
HARYANA,YAMUNANAGAR,23480,3555,300000,505.042229,399.478356,0.22679197535037815,0.1818691719834537,0.352112676056338,26
HARYANA,KURUKSHETRA,54291,11165,450044,1764.3291681,1423.546777,0.3593383900559946,0.2880625992822263,0.14461791290057519,32
HARYANA,KAITHAL,76389,18856,650020,1843.8938033,1774.7420601,0.5029728395061729,0.4112621880311298,0.18037459283387622,23
HARYANA,KARNAL,90033,16900,750010,1818.4303362,1612.173385,0.43652786936115745,0.35520208263407366,0.08048119281599458,24
HARYANA,PANIPAT,33677,9421,450324,1381.291405,1109.358617,0.37473016579503726,0.3090735765664269,0.06459121326738435,29
HARYANA,SONIPAT,25126,8145,420015,1199.08113628,991.8158466,0.3575585945838255,0.3180114913814639,0.049079754601226995,29
HARYANA,ROHTAK,39492,10351,600000,1338.1462428,1158.9150237,0.49915947267970223,0.4449018041817698,0.11561978877153975,27
HARYANA,FARIDABAD,2577,374,80100,70.1800957,41.57394,0.2543928923988154,0.232092004381161,0.11764705882352941,28
HARYANA,GURUGRAM,3261,713,77325,169.5420412,109.14819,0.17343899585150516,0.17407102701220348,0.35,37
HARYANA,REWARI,13481,2766,200100,474.4536755,256.4972465,0.16378723817854887,0.16659487156233704,0.2062780269058296,22
HARYANA,MAHENDRAGARH,25950,4853,500072,812.3687964,501.916115800001,0.2705407687736528,0.23183825375492903,0.097856477166822,27
HARYANA,BHIWANI,74611,16469,850261,1730.8310163,1396.4516614,0.4195022939906441,0.37875855507141387,0.21669980119284293,21
HARYANA,JIND,86400,24414,950680,3400.83637345,2703.7414836,0.5745368461650996,0.5200856710024552,0.26860581745235707,28
HARYANA,HISAR,158771,49621,2700020,6465.4550305,4460.6093072,0.6007135722501362,0.553193364323324,0.25556485355648534,22
HARYANA,SIRSA,139782,36784,1315118,3693.85570469999,2484.80127189999,0.491086924444382,0.45226921728231106,0.2396216500262743,16
HARYANA,PANCHKULA,10741,2260,123690,388.2913212,224.8149012,0.3971822652812188,0.342297750646208,0.20598591549295775,24
HARYANA,FATEHABAD,139081,37229,2700254,7351.583110835,2954.81662819999,0.8354266904534506,0.7897766238855687,0.25044687189672293,20
HARYANA,MEWAT,32558,5892,1042622,970.593538335,670.4472402,0.14947547230447858,0.14790394266072507,0.1708043694141013,21
HARYANA,JHAJJAR,28991,6917,400925,1143.7208806,1101.2002066,0.25360182649999563,0.23203297257569425,0.1059190031152648,40
HARYANA,PALWAL,5640,1207,150060,177.2165248,171.4989548,0.0808161861638104,0.07666918665757011,0.21302998965873837,36
HARYANA,CHARKI DADRI,14127,2957,133160,390.427546953,332.2073675,0.23840221408441198,0.22102260013425823,0.11891891891891893,29
HIMACHAL PRADESH,BILASPUR,90647,13576,947669,3107.493380908,1472.3773989,0.51298201532489,0.48459157583097834,0.4004927246131342,32
HIMACHAL PRADESH,CHAMBA,220854,91502,4460174,22955.391424563,15514.8373122,0.8363590920451706,0.8086013146295924,0.3256627783669141,53
HIMACHAL PRADESH,HAMIRPUR,101723,22252,1097890,3462.158554878,1640.318827,0.5500383912446334,0.5128109914593391,0.5150874224478286,26
HIMACHAL PRADESH,KANGRA,282821,73290,3248108,12970.665789971,6937.14373879999,0.4883389248708018,0.46566870386538617,0.45767900542157414,32
HIMACHAL PRADESH,KINNAUR,31089,10356,414707,1668.9472824,1160.0952013,0.7825266178358378,0.7355220719202812,0.2565489749430524,36
HIMACHAL PRADESH,KULLU,150192,35080,2148878,5624.25805891598,3890.33212219998,0.7481469674025664,0.7007130353946418,0.4079730652874012,36
HIMACHAL PRADESH,LAHUL AND SPITI,9296,2332,57060,387.4294833,250.1572514,0.669981981981982,0.6329971398464549,0.41822173435784854,36
HIMACHAL PRADESH,MANDI,411613,126029,6649308,20796.5295210681,13870.1362922001,0.7624227830516324,0.7245495525712062,0.4603933613724019,34
HIMACHAL PRADESH,SHIMLA,242578,54490,2801450,8674.86021696495,5805.16480769996,0.732209263015551,0.6782735148514851,0.4085907744392721,33
HIMACHAL PRADESH,SIRMAUR,120751,30847,1445814,7738.70687638601,3713.50215850001,0.603839537535255,0.5633749891604921,0.37067461880380354,39
HIMACHAL PRADESH,SOLAN,83631,12979,766772,2581.116925836,1314.0831532,0.49144982723362246,0.44996463932107494,0.37721518987341773,32
HIMACHAL PRADESH,UNA,56453,16961,962170,3920.386232066,1719.5653935,0.4733567553517076,0.4328467331172471,0.605921438342779,30
JAMMU AND KASHMIR,KUPWARA,184820,81303,7265743,14499.608150494,13507.2297957,0.8815140559567304,0.8583091576596237,0.09795762184914143,62
JAMMU AND KASHMIR,BARAMULLA,113260,44183,3137097,6674.164584577,5979.7711622,0.6791267171544555,0.6382634810719819,0.07118685037466764,50
JAMMU AND KASHMIR,SRINAGAR,4106,1776,100000,278.73720604,231.9649776,0.40815109343936384,0.37572337962962965,0.06172839506172839,48
JAMMU AND KASHMIR,BADGAM,80362,39256,2671196,5469.161626832,4850.222217,0.7305702779116173,0.7047805157046851,0.05345404936127992,44
JAMMU AND KASHMIR,PULWAMA,56873,25654,1200000,3698.13792818,3272.2138451,0.7165282904766105,0.6859957975032225,0.08490243067442657,45
JAMMU AND KASHMIR,ANANTNAG,183848,54415,3791144,9081.45300283402,8062.66823710002,0.8094787314139283,0.769421276905707,0.08919233004067402,53
JAMMU AND KASHMIR,DODA,158898,72170,3522100,11635.5165122581,10599.4939287001,0.9420978987810084,0.9289979684389813,0.10520514390691978,53
JAMMU AND KASHMIR,UDHAMPUR,53040,10742,500000,1327.445156916,1002.3822174,0.5827226683952055,0.5418940508391464,0.27970929090551955,33
JAMMU AND KASHMIR,POONCH,136552,41232,2101200,5766.90357488296,5264.80504619996,0.8082247725698863,0.8125202487328212,0.09124240519589356,46
JAMMU AND KASHMIR,RAJAURI,193221,73834,2600000,12090.7966000359,11359.0633499009,0.8126690247769819,0.7798502883789422,0.11242012363923985,53
JAMMU AND KASHMIR,JAMMU,45502,15556,1042253,2211.61152897102,1679.47721590002,0.6135487176721232,0.5923374737860946,0.4092351075079309,37
JAMMU AND KASHMIR,KATHUA,66574,15712,660720,1697.9318062,1411.98246159999,0.6547274837237662,0.6090461325008671,0.28844008033921,31
JAMMU AND KASHMIR,KISHTWAR,82464,50555,2160453,6637.16817427906,6118.29796630006,0.9361760098085962,0.9351146850711538,0.04738960722127348,42
JAMMU AND KASHMIR,RAMBAN,69882,11514,500000,1129.32952285,934.942092700002,0.7016476399891562,0.6465970970150613,0.2358104154476302,31
JAMMU AND KASHMIR,REASI,59296,10105,500000,961.707041599997,804.802994099997,0.643500531764808,0.6044464785509338,0.32605857116209663,25
JAMMU AND KASHMIR,SAMBA,15525,4050,200000,552.869577800001,428.952624800001,0.5004996937360973,0.469249862107005,0.2701664532650448,39
JAMMU AND KASHMIR,BANDIPORA,48743,12998,742370,1605.34278693002,1411.43581540002,0.6495515784704362,0.616097473410223,0.20816326530612245,41
JAMMU AND KASHMIR,GANDERBAL,46241,16446,1164122,2385.0584672,2175.0277049,0.7598304221371411,0.7163550659393041,0.06781557743957027,49
JAMMU AND KASHMIR,KULGAM,102486,42095,3880371,7822.48248352,7306.8553797,0.8757092077380545,0.8488479105596837,0.07868649318463444,63
JAMMU AND KASHMIR,SHOPIAN,36299,30250,1100000,5933.98934244207,5623.43680450007,0.930934550677062,0.9269871922301423,0.03218081125580003,68
KARNATAKA,BAGALKOTE,306239,76450,3200000,9604.88662383374,7424.06347779974,0.5536133949425487,0.5088970019603258,0.2996642417459429,29
KARNATAKA,BENGALURU,11096,681,60000,150.850559807,72.0566031,0.07901670630794867,0.08090676579453208,0.20753551575046325,32
KARNATAKA,BENGALURU RURAL,119421,21965,1200000,4847.28846102299,3326.63779239999,0.4608233936723173,0.4290688922158165,0.31791255289139636,41
KARNATAKA,BELAGAVI,795079,206395,8200000,26575.9938116988,22559.7313509998,0.48299421800982417,0.4508185840173975,0.28862993490059147,31
KARNATAKA,BALLARI,332824,94866,4200000,10328.9453932321,9398.19125200006,0.6872709176098408,0.6747675449564644,0.17511346444780634,34
KARNATAKA,BIDAR,264182,102584,4000000,14709.748091991,12055.1517517,0.5900923841177942,0.5659147263380707,0.3918913920023675,32
KARNATAKA,VIJAYPURA,288744,65729,2900000,9046.1948735691,7760.2622398001,0.37347792457076634,0.38719395454647837,0.3403226920155592,32
KARNATAKA,CHAMARAJA NAGARA,235959,45812,1650000,6130.950339784,4984.4922,0.4594235180043536,0.44684628975265017,0.24146081475645362,29
KARNATAKA,CHIKKAMAGALURU,212475,41188,1900000,7607.51796912801,6027.18531330001,0.534236655712479,0.4885197633399072,0.46962842097456053,40
KARNATAKA,CHITRADURGA,390043,80721,3800000,12175.143327476,9481.93458869999,0.49987184186311173,0.4884780048123281,0.31050644987349124,32
KARNATAKA,DAKSHINA KANNADA,135033,16290,1000000,3242.170659009,2612.5981891,0.37294207001311885,0.3381280867665958,0.42162399254345084,43
KARNATAKA,DAVANAGERE,266278,49937,2100000,7965.15900533903,6114.15036730004,0.5036876462432163,0.46870593878048883,0.26408202499198974,33
KARNATAKA,DHARWAR,199680,40448,1550000,5749.89048760696,4626.16062109996,0.4923501781465363,0.4493126452463262,0.41670956828712213,31
KARNATAKA,GADAG,297866,61410,2300000,5522.67383655306,4383.97289670006,0.7532254067476875,0.6989485236847696,0.2529584910194029,20
KARNATAKA,KALABURAGI,468136,130210,4000000,12207.587722961,10298.948959,0.5474007188978459,0.5306562398477747,0.4359502773332164,22
KARNATAKA,HASSAN,365002,61458,3000000,11794.1697036321,8191.51593090007,0.5761273092318766,0.538157950725501,0.3533871362191245,35
KARNATAKA,HAVERI,347405,57327,3000000,9228.09653543508,6309.70305930009,0.5464310262657466,0.49213749099516313,0.29820732657833204,30
KARNATAKA,KODAGU,55389,6729,360000,1132.242633717,856.2506932,0.2923164611073289,0.26783679051743786,0.2996357012750455,36
KARNATAKA,KOLAR,287980,63368,2800000,13692.8474570751,10192.6714703001,0.4994147077440669,0.4782833085444453,0.28210860315857794,43
KARNATAKA,KOPPAL,515406,173165,6100000,19157.1825822519,17105.8576158009,0.6675171345535174,0.6849905636503886,0.23353611718150138,31
KARNATAKA,MANDYA,286852,49932,1900000,6996.53587585007,5573.25128880007,0.3963839971699886,0.351291382953745,0.3168571762961807,30
KARNATAKA,MYSURU,301090,42069,1750000,7761.49222554506,5868.77824900006,0.3575181644495688,0.34025185235926064,0.31062395666005227,37
KARNATAKA,RAICHUR,592740,198803,8100000,20807.9026389058,17736.2689735998,0.75560450655102,0.7419236484379299,0.33634542432121395,30
KARNATAKA,SHIVAMOGGA,344978,66083,2000000,7315.75110066498,5976.94453939998,0.6040059529020397,0.5366273784270882,0.35119489386967495,26
KARNATAKA,TUMAKURU,471041,97470,4200000,19784.516916805,14580.5494683,0.5361847684418415,0.4967914081452484,0.3913506097134137,40
KARNATAKA,UDUPI,100455,13197,550000,2211.189218298,1633.8977077,0.3903939498750568,0.3352752694436353,0.19761204360616025,33
KARNATAKA,UTTARA KANNADA,200783,32326,1180000,4230.69672166199,3353.08857899999,0.4411019695288729,0.387464635895051,0.3109552438209753,28
KARNATAKA,CHIKKABALLAPURA,266960,43665,2200000,7849.08766433604,5823.23209910004,0.5274648847405452,0.5066691078866664,0.29733684518583553,36
KARNATAKA,BENGALURU SOUTH,263328,38696,2800000,6569.35599930802,4911.61673350002,0.6325073740644306,0.6031854322907522,0.3716168301619194,34
KARNATAKA,Yadgir,266641,82675,3200000,7901.86076086708,7562.14369890008,0.5092154589777916,0.5154563070960598,0.4315630861957625,26
KARNATAKA,VIJAYANAGARA,450214,114935,4800000,17217.929103138,14438.534309,0.6937864738959784,0.6787407090321828,0.2626570632458861,38
KERALA,KASARGOD,160469,61841,2410509,13089.262817943,11580.1383683,0.6289892678796811,0.5857556082622454,0.31971233985807496,49
KERALA,KANNUR,186030,75613,3063300,14601.289091392,12762.8399601,0.49276467923808615,0.45814039603016604,0.3036526969804899,45
KERALA,WAYANAD,144519,54282,2266870,14458.68948486,12255.9624439,0.5459439243863188,0.5200950171799993,0.29387851293230427,57
KERALA,KOZHIKODE,297466,125560,5646014,31121.1940492129,27265.1938697009,0.5532882096151092,0.5133031017195719,0.28726068806679145,58
KERALA,MALAPPURAM,228358,71670,3097322,16457.229174665,14313.8515134,0.3619358571009692,0.32095738523727274,0.3538528896672504,53
KERALA,PALAKKAD,299851,127519,4108993,18126.7171245288,15450.1010710998,0.5203099812074761,0.48914255012807434,0.37338655228563483,31
KERALA,THRISSUR,193809,65537,2540315,14166.946883223,12577.520455,0.44344507416720624,0.4108565876889036,0.3148310746325635,51
KERALA,ERNAKULAM,154142,55785,2337548,13461.375201,11934.4263036,0.398826357283131,0.3646112016611187,0.3408732694355698,58
KERALA,IDUKKI,213728,82072,2890101,16249.866025222,14463.0979928,0.6101441373029852,0.5761928410436643,0.4930133417541644,46
KERALA,KOTTAYAM,122229,45763,1886718,9733.21085837499,8538.26494279999,0.4108855474540889,0.3764126054016432,0.36228978728143446,50
KERALA,ALAPPUZHA,271948,126680,5712217,22897.9404886519,19862.1596542999,0.6845523379918643,0.6426192704856591,0.3176390940423437,41
KERALA,PATHANAMTHITTA,110517,40769,1645663,9023.29032920692,8046.07028619992,0.4238622678704293,0.37779619877984055,0.29327391728171565,53
KERALA,KOLLAM,301315,120368,5285293,28434.6418875951,25697.0747468001,0.506309651834924,0.46477391194208717,0.4149929676511955,57
KERALA,THIRUVANANTHAPURAM,330332,150635,7109137,35838.8389006569,31236.4831565999,0.576112567385386,0.5396748620867564,0.30806039719336525,56
MADHYA PRADESH,MORENA,320776,179632,5947125,33331.2262634599,26852.7921075999,0.7212987947472567,0.726238939541769,0.22092200861570116,57
MADHYA PRADESH,BHIND,105407,21924,1228021,2017.76588152599,1695.44504509999,0.37767426861821246,0.4560902648354127,0.09542241669471559,31
MADHYA PRADESH,GWALIOR,85721,27224,946547,4552.19977249884,2956.86982359997,0.3856702584752435,0.4510456849279524,0.14865599516762307,42
MADHYA PRADESH,DATIA,73077,18994,1059767,2828.19221485001,1900.01336620001,0.4803399589840669,0.4903467133843914,0.18530650444548433,38
MADHYA PRADESH,SHIVPURI,377575,120387,4614343,15880.7858898338,12563.9725129998,0.5794529209368852,0.6160157392239972,0.3301384451544196,41
MADHYA PRADESH,GUNA,251170,71003,2445839,11415.897289922,8985.08702429998,0.5608488764935613,0.5503694218226038,0.2035066335380432,49
MADHYA PRADESH,TIKAMGARH,150259,40497,2166007,5279.999928785,3828.5601768,0.600150178336775,0.5817402698586961,0.17250167672702885,36
MADHYA PRADESH,CHHATARPUR,277220,78846,3422953,12062.3135982589,9465.57036229992,0.5786314225123983,0.5641370550366069,0.4396200814111262,47
MADHYA PRADESH,PANNA,238345,58559,2838009,9140.38551560689,6641.16595469989,0.6553520855673788,0.6360133515535742,0.20658012533572068,44
MADHYA PRADESH,SAGAR,275099,76210,2714044,11711.907142589,7711.33775950003,0.524289700176098,0.5224089038962741,0.2252219648716464,40
MADHYA PRADESH,DAMOH,289192,102795,4318642,16242.1363009288,12743.7970570998,0.6042886456622493,0.5852024398443879,0.17483292876622014,48
MADHYA PRADESH,SATNA,250220,58497,2794547,7709.110600246,5809.3097748,0.5904562337472332,0.5896834495856051,0.23944533055564599,40
MADHYA PRADESH,REWA,275592,66608,1987214,8257.35964291895,6343.87662419995,0.5295935309310048,0.5472140349837818,0.295534953386876,40
MADHYA PRADESH,SHAHDOL,244123,74180,3002508,8823.20976474696,6329.74552219996,0.80675415318623,0.7613819705876899,0.32893404686144057,38
MADHYA PRADESH,SIDHI,222859,71985,3390454,9047.65599655185,7455.73266829985,0.7582378698748287,0.7488076138681169,0.21996350481800428,42
MADHYA PRADESH,MANDSAUR,225937,63787,2424375,10374.554867934,7935.5697699,0.5935339301851501,0.5752873150607766,0.1824618271773437,47
MADHYA PRADESH,RATLAM,260994,62386,2255098,9704.99701104,7491.8582757,0.623538771385363,0.5894987588074522,0.43594934431023236,48
MADHYA PRADESH,UJJAIN,226547,61239,2506744,8983.92571957199,7378.64281349999,0.5819058407116016,0.573942716218196,0.3726420864629462,48
MADHYA PRADESH,SHAJAPUR,122812,38357,931783,6191.33492422703,4830.98761000003,0.5991121518122835,0.5690883009515079,0.46026547899746745,48
MADHYA PRADESH,DEWAS,214626,61376,1959633,9334.82020206699,7694.00777689999,0.5997971109266665,0.602422375950909,0.17939117694937326,50
MADHYA PRADESH,JHABUA,334468,72449,3056958,9375.01326070988,6928.40405189988,0.725426405011018,0.695505057377421,0.22332325023469282,36
MADHYA PRADESH,DHAR,470280,120640,5068262,20545.308260079,14488.9321577,0.6665192693629035,0.6608397866526663,0.23366261910216843,48
MADHYA PRADESH,INDORE,75020,18472,562081,2887.10686518101,2092.17001740001,0.5352836246878344,0.524171765613803,0.17295123177476118,44
MADHYA PRADESH,KHARGONE,395617,106287,5020905,16851.7798957579,12972.0130356,0.6237664350505093,0.6240045614973944,0.447079337401918,47
MADHYA PRADESH,KHANDWA,331229,86897,2740425,12240.5994880289,9284.76289939992,0.6934278757884644,0.6659673613647806,0.16642871209137455,41
MADHYA PRADESH,RAJGARH,370649,116884,3875648,18434.4120522478,12652.5352793998,0.6960806039663462,0.6741265479835626,0.4071522309711286,41
MADHYA PRADESH,VIDISHA,194659,69887,2317992,9349.68494106892,7522.70739619992,0.5664570499035336,0.5463813089864588,0.3704936646796212,41
MADHYA PRADESH,BHOPAL,77427,26978,1316091,4300.57231596401,2943.28752510001,0.6171055567953582,0.6141436260025327,0.28829616673954234,43
MADHYA PRADESH,SEHORE,156588,49491,1298992,7506.56750771796,6136.64888709996,0.5358730506380663,0.5166648036978835,0.22901008919432667,48
MADHYA PRADESH,RAISEN,168333,67525,1482319,9454.33400666617,7330.38425330017,0.588964074286594,0.5385029770343068,0.29105144081924267,42
MADHYA PRADESH,BETUL,388265,86463,3802500,10358.649739474,7757.1743762,0.7686102400861523,0.7341247048311954,0.1815253351906669,34
MADHYA PRADESH,NARMADAPURAM,112786,28452,1074991,4146.00025203899,3216.80624579999,0.5425299077873288,0.4993646520646455,0.1605974619689446,45
MADHYA PRADESH,JABALPUR,208127,52992,2166618,6767.41713083395,5395.55866699995,0.6447732433679997,0.6293216945912312,0.35012367888464135,39
MADHYA PRADESH,NARSINGHPUR,156776,38394,1707637,5501.93407032797,4334.21407569997,0.5602784667176521,0.5268276642700409,0.25689117423923125,45
MADHYA PRADESH,MANDLA,464016,148534,6849899,15564.55797082,12856.3179646,0.859220469481134,0.8428554769493897,0.552860010035123,36
MADHYA PRADESH,CHHINDWARA,543892,142682,6032063,19122.5871248369,13904.6134649999,0.8031375838182895,0.7840751583829724,0.4070115519839277,39
MADHYA PRADESH,SEONI,462082,126471,6198135,13032.735709217,10128.647344,0.8572440968254204,0.8422398519798567,0.3844971828581185,36
MADHYA PRADESH,BALAGHAT,582039,170640,7234977,19010.400385738,14582.5808779,0.8584620694334235,0.8397955751550938,0.39033435366140806,33
MADHYA PRADESH,SHEOPUR,166688,61503,1852489,10710.1958453161,7299.83996070007,0.5863948019235978,0.5730537225213554,0.4001557026080187,46
MADHYA PRADESH,UMARIA,161967,45680,1812103,5241.21528429695,3742.96249999995,0.7679946513921554,0.7336927223719677,0.2269782153971736,33
MADHYA PRADESH,NEEMUCH,116288,27677,1168026,4331.848008885,3152.8584621,0.5638151387622908,0.5437582352191099,0.4387793783169067,43
MADHYA PRADESH,BARWANI,310121,60054,2596928,7974.89936383103,6646.89801090003,0.6125592814915332,0.5859655166322186,0.23007255568521995,44
MADHYA PRADESH,HARDA ,77816,17527,594894,2457.67026961,1834.2631548,0.6448447884382718,0.6223991247099658,0.3036750483558994,40
MADHYA PRADESH,KATNI ,286773,76505,2955382,7753.11984104496,5599.05106849996,0.7675382132447601,0.7638429658483559,0.3079809689740669,33
MADHYA PRADESH,DINDORI,361412,155168,6986774,15718.9149752516,12725.5915349996,0.9436911354989986,0.930992893147341,0.41315207081884286,35
MADHYA PRADESH,ANUPPUR,255595,81587,4237372,8294.75484049894,7094.81455169994,0.8010775267657899,0.7775126221573306,0.4411913873392042,40
MADHYA PRADESH,BURHANPUR,139601,30745,1169935,3565.76221925097,2889.69330609997,0.6270651226721048,0.5860715181521751,0.135666802333469,37
MADHYA PRADESH,ASHOK NAGAR,163180,61024,2614970,9509.05978796642,7971.42159159942,0.28929854233814495,0.5992372102268492,0.28379008746355683,49
MADHYA PRADESH,ALIRAJPUR,246852,57382,3248148,9331.079937978,6809.8364055,0.7464936101753347,0.7078343329872568,0.2385130552729739,46
MADHYA PRADESH,SINGRAULI,221504,70893,3208675,9965.38645683659,7880.48642619859,0.7136887213442238,0.6903950710754865,0.36663596684419175,43
MADHYA PRADESH,AGAR-MALWA,141861,40616,1784821,6291.86969507195,4817.01691789995,0.6047188712221322,0.5694915254237288,0.13898931469430384,46
MADHYA PRADESH,NIWARI,63660,17596,1009337,2733.09226994001,1643.41645820001,0.7107845873854158,0.7145114056720099,0.15383718217867973,36
MAHARASHTRA,THANE,150113,30194,532652,4069.20614895301,3585.86338360001,0.3839953545957782,0.27535696267877463,0.22671720571043963,38
MAHARASHTRA,RAIGAD,96752,23065,306147,3581.639314048,2242.8209976,0.23745677394336986,0.19076480990274094,0.12939262472885033,31
MAHARASHTRA,RATNAGIRI,139806,29883,686128,3222.198962967,2416.8848383,0.28337924366528633,0.23200096180217683,0.3246124381165757,25
MAHARASHTRA,SINDHUDURG,85624,20917,432127,2330.913386716,1849.8534912,0.3392890399939769,0.28105906313645623,0.2504015184698496,27
MAHARASHTRA,NASHIK,735609,172802,3248403,25539.066801518,20917.5108929,0.37944335577331273,0.2758870972723548,0.3362535529338473,39
MAHARASHTRA,DHULE,372083,86049,2745921,10935.5576726039,8495.15975839993,0.31001723877917114,0.2209286102598396,0.1439773248018466,31
MAHARASHTRA,JALGAON,467229,124937,3073615,21151.583972034,16078.5727121,0.32621390540104644,0.25094735413096003,0.2749165615086151,37
MAHARASHTRA,AHILYANAGAR,544779,108840,3659816,20780.670857592,14458.3056254,0.262422812781948,0.22154174035600072,0.1983228400613724,37
MAHARASHTRA,PUNE,183090,31271,707152,3250.615328193,2769.5158407,0.19523831358627905,0.1587489840074182,0.24975540636280827,27
MAHARASHTRA,SATARA,214251,58120,1089686,6826.268711033,4901.1553723,0.2524139734781011,0.21418969143905486,0.21007043053504487,26
MAHARASHTRA,SANGLI,140798,35986,737528,5694.620860309,3791.7377456,0.23132226869908948,0.18731756534113275,0.3571985393673327,34
MAHARASHTRA,SOLAPUR,296211,77683,1841936,9748.990865865,7321.9247026,0.254071032603428,0.19774568574578347,0.14079947548507385,30
MAHARASHTRA,KOLHAPUR,194752,48960,696582,6690.89972768499,5105.24974379999,0.25661256446542124,0.1928071660077991,0.1773547912752226,32
MAHARASHTRA,Chatrapati Sambhaji Nagar,711100,134177,11999432,35415.843240728,19776.331198,0.4456440813502558,0.35663522658730423,0.15975704247303688,37
MAHARASHTRA,JALNA,555680,148896,6021315,24970.688575179,15277.3851266,0.42590666506220975,0.34752983688483446,0.17101062896832356,30
MAHARASHTRA,PARBHANI,381410,110757,5067819,19819.964381813,14188.9980169,0.42199867672473884,0.3572127593935345,0.11265612502307266,35
MAHARASHTRA,BEED,797935,239167,10879644,57062.2977673769,36421.8795644999,0.46935337482566925,0.38043605758542914,0.1951812651992073,39
MAHARASHTRA,NANDED,582666,138672,5752400,23765.149096123,15760.1421102,0.3342417913238916,0.27440079725198413,0.15559761413168158,33
MAHARASHTRA,Dharashiv,225661,50763,2691201,9264.914249441,5263.60086360001,0.28630824372759855,0.23926041394184314,0.14156206415620642,32
MAHARASHTRA,LATUR,370696,81113,5298602,15427.646683676,10830.7101999,0.3989702216692569,0.33231989686707336,0.22479191559164827,36
MAHARASHTRA,BULDHANA,375624,93808,2124296,10015.323354114,7739.7358179,0.32743305746797796,0.27735792073051574,0.24091593019837085,26
MAHARASHTRA,AKOLA,261166,77493,2219996,11239.583397552,8621.6818016,0.3864328433737079,0.31589557586997313,0.24463077114383672,33
MAHARASHTRA,AMRAVATI,579025,118769,10954956,32581.8738189449,22463.1458380999,0.499721238357602,0.3917338868598755,0.36980002547446184,48
MAHARASHTRA,YAVATMAL,622431,182058,6275151,31244.639171664,21033.791743,0.41415523260804327,0.3753446810551303,0.38344850677554665,36
MAHARASHTRA,WARDHA,164517,34626,1690648,8321.550088848,4940.7209736,0.3634144617382891,0.27200177523148616,0.40700727413592735,40
MAHARASHTRA,NAGPUR,247836,44975,2465174,9104.587289618,5151.0691999,0.41557631458481104,0.34394938575403067,0.3937318389373184,34
MAHARASHTRA,BHANDARA,433967,119415,5047784,14517.925844381,9857.5472722,0.6660379240751114,0.5971607363841649,0.5212932126963543,34
MAHARASHTRA,CHANDRAPUR,519854,117942,5306414,16386.117870559,12771.0497354,0.5473403370457642,0.45968021518965557,0.281510702197645,34
MAHARASHTRA,GADCHIROLI,397939,87879,4805449,15337.120804498,9443.42418281999,0.6353828369242757,0.553535212252605,0.62155727756512,33
MAHARASHTRA,NANDURBAR,472988,141622,2604243,18191.886389717,14549.150469,0.3617684424364384,0.2897620037973,0.1724518087653336,33
MAHARASHTRA,WASHIM,287267,90038,3479958,12489.098061325,9203.1978015,0.4433043781529074,0.3779857517810274,0.17072631775764477,34
MAHARASHTRA,GONDIA,593546,170251,7876004,22519.61256902,17268.6485432,0.6718546959399804,0.6032691815109458,0.39288081571636085,36
MAHARASHTRA,HINGOLI,272789,67317,2701531,12123.721946582,8675.8548018,0.4153360810364332,0.3619225955105795,0.21626965221534064,38
MAHARASHTRA,PALGHAR,452773,119736,4980290,22743.9712014131,13422.6324360801,0.5500144557471921,0.44608343755290625,0.34062858614955854,35
MANIPUR,SENAPATI,48008,39466,2658522,6922.651837315,5183.14881,0.9269027300459513,0.9226502512344202,0.2167547783651891,47
MANIPUR,TAMENGLONG,31812,26300,1475065,5122.96179093592,3489.36197049992,0.9902259851833406,0.9907214964370546,0.3014230271668823,47
MANIPUR,CHURACHANDPUR,62337,48619,3638374,8944.49464542999,7076.83962739999,0.9399568751036657,0.9465887566563025,0.2760925449871465,53
MANIPUR,CHANDEL,18797,14265,1225299,2841.48611528601,1833.10150880001,0.8874043999622321,0.888139546676132,0.2547993019197208,45
MANIPUR,THOUBAL,86558,45904,3044841,7020.15036647194,4418.92249949994,0.947770672740014,0.9425538615438765,0.1946607341490545,34
MANIPUR,BISHNUPUR,98501,47628,3674414,7205.453208765,4442.86466990001,0.9631936635212438,0.9578629900904783,0.2091481604242625,32
MANIPUR,IMPHAL WEST,114782,62732,4543825,9273.19984045002,6747.58928660003,0.9663899506626029,0.960965722637399,0.10001015331505736,30
MANIPUR,UKHRUL,45265,39187,2690629,5113.95469360008,4009.78227250008,0.9652620804367297,0.9651822228247362,0.09197860962566845,34
MANIPUR,IMPHAL EAST,142359,81075,7775442,15327.368523327,10865.4707015,0.8919457410482128,0.877536861747514,0.13947651487988527,29
MANIPUR,JIRIBAM,15664,9745,678444,1554.520426534,920.36604,0.965483234714004,0.9569999098530605,0.19124087591240876,33
MANIPUR,KANGPOKPI,76177,24132,2530221,3368.66540710001,2562.79223050001,0.8476260417709829,0.8438063740228503,0.09141364675155077,32
MANIPUR,KAKCHING,63163,28651,2519068,4786.17862117198,2584.21615299998,0.9227746205203874,0.9140195079341972,0.21947004608294932,32
MANIPUR,KAMJONG,19465,13123,1108539,3002.96507654498,1695.21972039998,0.9298270755708417,0.9273436115541379,0.24072910119421748,45
MANIPUR,NONEY,14232,9301,833822,1466.76705793803,1052.29626330003,0.9774053979809079,0.975520679103741,0.23628691983122363,39
MANIPUR,PHERZAWL,11740,8452,515393,1472.892575348,1210.238728,0.9746782897467829,0.968003506465045,0.30654205607476637,50
MANIPUR,TENGNOUPAL,22650,12977,1088102,2452.71926317511,1824.18534290011,0.8446134914419957,0.8624071494893222,0.2077562326869806,46
MEGHALAYA,WEST JAINTIA HILLS,87916,30013,1325098,3756.133127779,2510.551796,0.7906470614685912,0.7679661538011097,0.16365620075160625,30
MEGHALAYA,EAST KHASI HILLS,144718,66402,3812694,10172.65095382,7118.1219937,0.780744393312437,0.7691364593212889,0.570846132365261,38
MEGHALAYA,WEST KHASI HILLS,62128,13659,1502890,2599.369064212,1547.2000764,0.7125342630715769,0.7033397033397033,0.3103448275862069,40
MEGHALAYA,EAST GARO HILLS,71845,36075,2532846,8802.910673337,5985.91171499999,0.9867869847679481,0.9854520627084373,0.3712911926820687,58
MEGHALAYA,WEST GARO HILLS,236493,96429,7058486,23670.364358836,15494.9129529,0.9594620362293852,0.9540283409510982,0.0426714624376686,55
MEGHALAYA,SOUTH GARO HILLS,84620,32387,2561246,7312.978588665,4770.7838391,0.8748242494417335,0.8735042018567806,0.34067796610169493,53
MEGHALAYA,RI BHOI  ,99268,29722,1775787,4781.34955999399,3094.51674399999,0.8044669195111673,0.7715402353927705,0.3210410233789149,35
MEGHALAYA,East Jaintia Hills,46613,23300,1238735,3327.924041362,2192.9962555,0.8343117952389476,0.8241062789298883,0.5408530318602262,33
MEGHALAYA,NORTH GARO HILLS,84523,35525,3218194,8695.790172189,6716.4645961,0.9663084486109523,0.9647802912448038,0.1920879120879121,69
MEGHALAYA,SOUTH WEST GARO HILLS,85684,42318,3010458,8691.04935931999,5832.30831799999,0.9870064046445192,0.9907099154219903,0.1520290732889158,49
MEGHALAYA,SOUTH WEST KHASI HILLS,47207,19425,1198710,4103.920787844,2921.4898768,0.9559168961606999,0.9454498544100844,0.5170370370370371,55
MEGHALAYA,EASTERN WEST KHASI HILLS,50892,14879,764856,2331.81976727,1677.572607,0.8114158163265306,0.7813296957475832,0.3548387096774194,40
MIZORAM,AIZAWL,27427,25929,2051140,6579.2432748,5738.7241748,0.7276031303886457,0.7277352251208276,0.7678518953864237,78
MIZORAM,LUNGLEI,23649,21435,1995966,5351.7670371,4661.5707095,0.9946166463388989,0.9946553378100589,0.6203636363636363,76
MIZORAM,Siaha,21542,20333,1958517,4867.54652540004,4410.95013580004,0.9967610586711086,0.9966169154228856,0.5386740331491713,77
MIZORAM,MAMIT,27500,24177,2433830,6260.7242877,5626.0274744,0.9975333720255368,0.9972543718847681,0.689145223306714,82
MIZORAM,KOLASIB,21911,21565,2123461,4927.9729976,4577.77055,0.998996945242329,0.9989713377285266,0.8059907834101383,73
MIZORAM,CHAMPHAI ,17911,17534,1974145,4495.241685,4028.618525,0.9976605581239905,0.9977123416236509,0.6658047834518422,81
MIZORAM,SERCHHIP,21321,16267,1669024,3935.5022179,3521.3819813,0.9987352445193929,0.9989471728494457,0.7538233843117909,74
MIZORAM,LAWNGTLAI,47226,42473,3958612,8605.23458140003,7841.04849910002,0.9580087633885103,0.9953169347209082,0.5675209462789551,65
MIZORAM,HNAHTHIAL,8727,6698,691488,1754.9836327,1604.18514,0.9982841455044612,0.998341375150784,0.8026004728132388,85
MIZORAM,KHAWZAWL,10273,10375,878917,2520.76124,2307.52858,0.9987361462181606,0.9987154150197628,0.7041699449252558,79
MIZORAM,SAITUAL,9314,8249,1264900,1990.8592942,1796.69635,0.9977504017139797,0.9976778293815693,0.8215892053973014,77
NAGALAND,KOHIMA,61422,14457,1706560,1619.591003148,959.800201699997,0.958550516557945,0.954079822616408,0.24363636363636362,28
NAGALAND,PHEK,64741,21887,1187021,2450.92033948501,1853.31347870001,0.958912834184996,0.9566529763966549,0.12531752751905165,36
NAGALAND,ZUNHEBOTO,56750,22977,1208096,1824.9477864,1748.8377564,0.9148503997936549,0.8876254523986755,0.023943661971830985,31
NAGALAND,WOKHA,53372,30589,1232128,3470.8064267,2161.6850939,0.8981405132519983,0.8927453990710691,0.1404399323181049,29
NAGALAND,MOKOKCHUNG,39096,19515,1185657,3312.9162752,2190.6121306,0.978084659261483,0.9761292373493627,0.200339558573854,47
NAGALAND,TUENSANG,82447,25212,1589246,3489.0949558,3035.9711454,0.9467525607459465,0.9367188249976001,0.40341880341880343,46
NAGALAND,MON,59719,55737,1790188,6704.60318690001,4964.69357520001,0.9670779893768623,0.969164791442455,0.22036363636363637,36
NAGALAND,DIMAPUR,89286,31753,2488784,3117.017814,2909.2995103,0.8709894547902176,0.9087702548598403,0.32471835652750164,39
NAGALAND,KIPHIRE,29441,11926,809906,646.19878,600.85784,0.9222504150612411,0.9144249659966752,0.035868005738880916,19
NAGALAND,LONGLENG,32035,14179,672824,2610.477965716,1762.0841372,0.9571829807577388,0.940207009906268,0.021604938271604937,33
NAGALAND,PEREN,29607,18184,1129590,1972.2337452,1919.7358352,0.9186732034255927,0.9056210964607911,0.0340632603406326,38
ODISHA,SAMBALPUR,156460,51341,2039200,7217.216125895,6144.2601401,0.6884352903387616,0.6791224398265809,0.21295070683538941,43
ODISHA,SUNDARGARH,364490,159185,8147900,25865.654014187,23555.2917453,0.772178769056073,0.7428572340452695,0.47300574345883856,53
ODISHA,KENDUJHAR,453909,134804,6527900,17186.406468597,16279.8890898,0.7656776087176546,0.7161916347551451,0.42091215783405217,44
ODISHA,MAYURBHANJ,579068,186131,10323200,25571.880928201,21487.0226953,0.7758364048291819,0.7443828156939767,0.3994792929346165,42
ODISHA,BALESHWAR,248958,58391,2372200,6631.824283316,5411.8088193,0.4460238062819346,0.39785059115304366,0.39236084304794255,33
ODISHA,CUTTACK,203545,31381,1445700,3128.890877781,2511.392661,0.4638039465888894,0.4067076013687047,0.1451288343558282,29
ODISHA,DHENKANAL,246368,66737,3593300,9065.97115554198,7596.51277429998,0.6966219062887907,0.6767497200447928,0.2987408610885459,42
ODISHA,KANDHAMAL,255662,125075,7722500,21463.8518317132,16824.6705040002,0.910895675007393,0.9126316840874505,0.35289192771924927,54
ODISHA,BOLANGIR,442198,122182,7998000,17836.47491769,15004.2836479,0.7488319557269308,0.7139429469173424,0.28419302408130476,42
ODISHA,KALAHANDI,413753,139348,7415900,29799.948609765,20138.2350711,0.7670060933673687,0.7265634273651521,0.27321713924709207,49
ODISHA,KORAPUT,340142,128967,7467400,23034.654083497,17369.3346015,0.8263455306081794,0.8007834598183312,0.3307552465395165,49
ODISHA,GANJAM,571094,177431,12884000,23616.194516572,19228.2958451,0.8563887935003142,0.8471096646723488,0.2463787840491513,46
ODISHA,PURI,232177,44601,1448700,4033.781217922,3477.924034,0.5351870804750314,0.48685975648707697,0.35532021027589117,27
ODISHA,BARGARH,252371,64109,3247300,9062.70162959201,8229.51353810001,0.656781712096686,0.6016498799223905,0.25000982125319193,45
ODISHA,JHARSUGUDA,94105,25441,1184900,3657.98762419999,3321.26709539999,0.7328079615627214,0.6817889185672215,0.29898058930316995,47
ODISHA,DEOGARH,92144,29478,1178200,4644.125413923,3384.5803309,0.7349706072377185,0.7083087884653146,0.24504391468005018,41
ODISHA,BHADRAK,206040,44901,2039500,4911.11878590001,3756.45325150001,0.47583965930951977,0.4370163158280418,0.34980537358777175,30
ODISHA,KENDRAPARA,207880,35151,1500400,2711.149389891,2483.5639177,0.5369203788506887,0.4823592382913021,0.28110230747845427,26
ODISHA,JAGATSINGHAPUR,139670,37511,1197000,4070.075324846,3278.8201265,0.5827547648452885,0.5441516562978405,0.25954967268541834,30
ODISHA,JAJPUR,199999,43779,1879600,4587.687929503,4144.4294608,0.567875680034527,0.5244703263668434,0.39638600538254515,35
ODISHA,ANGUL,238309,59443,2539800,8123.58611657601,7156.32863180001,0.6984601045745504,0.6582919097194251,0.2408478547371504,44
ODISHA,NAYAGARH,213047,38687,1824500,4747.860621801,3680.2729969,0.6338609383832674,0.608339049090186,0.2763743065425703,34
ODISHA,KHORDHA,122264,26993,1102200,3088.712284854,2691.7861264,0.56354283817917,0.5101828981861712,0.3376261285183218,36
ODISHA,GAJAPATI,176747,54590,2881700,8100.977680264,6697.0383401,0.8074953285545245,0.7709012299176233,0.3199750906626616,45
ODISHA,BOUDH,132315,35155,1673600,4288.591069844,3659.8933623,0.7556409656031021,0.7236002552241186,0.3709419904204364,37
ODISHA,SONEPUR,132185,33461,1609300,4312.509666659,3629.2355303,0.6327638450749398,0.6131453245602936,0.19717427616926503,39
ODISHA,NUAPADA,207656,62439,4224900,12244.438416952,10636.7497835,0.8661319452265058,0.8289144031289991,0.3539037381832142,58
ODISHA,RAYAGADA,200447,80969,4189700,9603.076909522,8950.6642432,0.7767908698095294,0.7463992685735997,0.3217999061519844,44
ODISHA,NABARANGAPUR,259093,84572,5174900,13257.184440169,11529.3710132,0.7567322071124819,0.7289228257300808,0.42456575682382136,49
ODISHA,MALKANGIRI,160377,58522,3166600,9200.07331739499,7049.99010469999,0.8337943081738117,0.8054022003028822,0.3402022368622644,44
PUDUCHERRY,PONDICHERRY,74991,36734,950771,2582.15013070001,2291.89321230001,0.7779552881373515,0.7491697004534713,0.5482758620689655,20
PUDUCHERRY,KARAIKAL,17418,10881,549229,1311.890217,1240.633642,0.8424260011607662,0.8246197718631179,0.3360655737704918,35
PUNJAB,GURDASPUR,81776,31395,1441000,4094.45125073,2840.3376461,0.4727182338965611,0.462524249015343,0.17283813747228383,27
PUNJAB,AMRITSAR,78924,30110,1441000,3274.1682888,2397.9137759,0.5687888265901786,0.5467257421355782,0.13428538523551767,23
PUNJAB,FEROZEPUR                 ,122143,41181,1378000,4069.5381345,3450.5804246,0.5795002206164926,0.5492418751630765,0.22647989154993223,25
PUNJAB,LUDHIANA,91637,46971,1566000,6225.1453312,5559.8008936,0.6007841131850337,0.5562731464297792,0.038867464988837024,34
PUNJAB,JALANDHAR,50113,21358,1000000,2812.6312576,2290.5089993,0.4635114136668023,0.445650324493814,0.11301587301587301,31
PUNJAB,KAPURTHALA,40296,16591,752000,2388.9058074,1675.4273767,0.5738781206830255,0.5514212615080883,0.12814070351758794,28
PUNJAB,HOSHIARPUR,93619,35422,1378000,5422.634719121,4306.9462962,0.5576476334568328,0.5232851713721287,0.14393052302888368,33
PUNJAB,ROPAR,43410,19877,940000,4296.902843845,2900.7256583,0.5442509497122654,0.4984162539593651,0.28221528861154443,41
PUNJAB,PATIALA,132511,58704,1400000,5405.50372900001,4989.799076,0.691364143875283,0.6406706579629365,0.4384815135402498,24
PUNJAB,SANGRUR,102188,45539,1316000,5253.415302329,4552.43811,0.7236444236720415,0.6739763558700436,0.24860853432282004,28
PUNJAB,BHATINDA                  ,118763,44020,1316000,3850.0401002,3310.6744318,0.696124403596591,0.637104445119978,0.18025579536370903,21
PUNJAB,FARIDKOT,68811,25708,814000,2807.147028706,2345.588826,0.7748026708403238,0.7431000395413206,0.22544080604534006,26
PUNJAB,NAWANSHAHR ,43935,21548,940000,2999.44302335,2718.5558112,0.640125300502659,0.6092992171090319,0.2774055213079603,35
PUNJAB,MOGA,94543,33301,940000,3444.6484795,3050.717054,0.6052417625330491,0.568004354288346,0.1696885169688517,26
PUNJAB,MUKATSAR,153788,53412,1065000,5007.52427042997,3332.37380169997,0.7157624302449513,0.6733502428958342,0.12226990939437292,18
PUNJAB,MANSA,95096,32733,876649,3242.611131915,2711.3060035,0.6333189037994073,0.5687876633291761,0.1024653312788906,26
PUNJAB,FATEHGARH SAHIB,53860,26721,1001599,4109.0840437,3823.5420932,0.6762763366063133,0.6265674268534135,0.3490909090909091,41
PUNJAB,SAS NAGAR MOHALI,22273,10791,600000,1773.5153212,1432.2910069,0.4656992911953499,0.43817510343487076,0.09172852598091198,37
PUNJAB,TARN TARAN,87141,36851,1252752,4801.34999796499,3710.33412749999,0.5541170410972841,0.5759414174417745,0.1078536847767617,29
PUNJAB,BARNALA,42886,17211,900000,2138.411267092,1875.7241679,0.6787155585800877,0.6409899817146978,0.08191770479426198,31
PUNJAB,Pathankot,35728,14151,689000,2644.2152421,1853.1373149,0.5657192621328477,0.5587322695035462,0.21516571230262016,37
PUNJAB,Fazilka,219182,78623,1504000,7981.59750748699,4748.61688339999,0.7760797671569495,0.7493570552470886,0.09914340101522842,18
PUNJAB,MALERKOTLA,19867,9965,489000,1565.778498194,1211.3382393,0.6608455576622426,0.6068019093078759,0.10298420128730251,34
RAJASTHAN,SRI GANGANAGAR,480630,118949,3797886,7896.89773773799,5916.87002139999,0.77362250350893,0.7587902985770164,0.28630141757514543,24
RAJASTHAN,HANUMANGARH,434070,132722,5824160,10973.023979907,9230.0884537,0.7077082103739162,0.6990142012747919,0.2584327086882453,34
RAJASTHAN,BIKANER,554487,82678,3904499,19983.106995011,9055.67236370004,0.6902889197627691,0.686289879697907,0.20275344180225283,39
RAJASTHAN,CHURU,505051,133380,6888588,15758.543688313,12017.2696864,0.6861891544150115,0.6719562871884714,0.1313656977176418,39
RAJASTHAN,JHUNJHUNU,132800,24353,1241323,2671.750646975,1990.8467214,0.37344911755773275,0.3593328982822499,0.17607148767168626,42
RAJASTHAN,ALWAR,323331,63096,2241205,5404.154049372,4219.730043,0.5440379460792809,0.5274967352966303,0.14035638590156213,28
RAJASTHAN,BHARATPUR,363445,77602,2820517,5394.454585172,4583.7419635,0.44459409205897177,0.42507174174003987,0.24922526817640048,27
RAJASTHAN,DHOLPUR,215820,35708,1329076,4486.207286314,2668.4540995,0.5108081049544742,0.4962257368799425,0.11762680743630939,31
RAJASTHAN,KARAULI,301318,63818,2370636,6991.80753154004,5555.14110010004,0.6042663105057445,0.5988525111712051,0.13523589150276386,35
RAJASTHAN,SAWAI MADHOPUR,319430,53122,1796528,4202.498101765,3412.6965713,0.5450121737528089,0.5407349296628452,0.14633665966386555,27
RAJASTHAN,DAUSA,209419,44593,1720258,3665.202249636,2883.1796909,0.5192262396207562,0.4954422944331522,0.1878293212108689,30
RAJASTHAN,JAIPUR,390976,87461,3625290,7481.679413847,6276.903152,0.4782352890810102,0.4728659334184857,0.14018818114127124,33
RAJASTHAN,SIKAR,201847,35211,1500162,4337.7445898,2781.3624723,0.3761724697669131,0.3639864448552064,0.14105675877520538,33
RAJASTHAN,NAGAUR,1079483,268451,12459757,31770.9454746908,22618.9055434998,0.7630920595468597,0.7563880128558477,0.2197882616968337,35
RAJASTHAN,JODHPUR,866667,155284,6518440,16928.186081562,12660.9358293,0.6791241495932309,0.6737799869212407,0.17865146955241085,35
RAJASTHAN,JAISALMER,267617,98169,5824681,19506.907840079,13525.0603291,0.8416502341437948,0.8361606495577787,0.3406617740098697,53
RAJASTHAN,BARMER,1090101,233654,14488856,48662.9793080159,31427.4426176,0.7986737383039939,0.7941408660554947,0.1766053748231966,47
RAJASTHAN,JALORE,410788,65964,2800080,7565.444093932,4714.2753302,0.6074103866070082,0.6006059288251069,0.1651521137890162,33
RAJASTHAN,SIROHI,278033,81985,4272306,8345.91411750902,7370.20647380002,0.6880523253655773,0.6711898300242822,0.12252240465755217,43
RAJASTHAN,PALI,565159,142848,6688280,12605.472148095,10868.1730769,0.6422443819426689,0.6274443341681277,0.14784337293698857,38
RAJASTHAN,AJMER,726010,258753,10443866,22664.4003846789,17498.0785029999,0.8140604011042364,0.8102021912032453,0.17768456375838926,34
RAJASTHAN,TONK,400201,57162,2758399,6626.45944111699,5268.09146159999,0.5860453605590408,0.5807263690607163,0.22881439084219132,37
RAJASTHAN,BUNDI,371683,85504,3148043,6543.59760668201,5632.23612660001,0.6400558632280817,0.6333250148173566,0.0761904761904762,30
RAJASTHAN,BHILWARA,849348,330884,15792351,35378.5178334521,27854.7411613001,0.875012105040848,0.8650276868613258,0.1648735355110867,38
RAJASTHAN,RAJSAMAND,357632,132492,6887217,15175.988882562,13136.8363974,0.7656826726271527,0.7502715835951828,0.18004784688995215,47
RAJASTHAN,UDAIPUR,790533,241793,14736690,32577.4833443769,26089.7109939999,0.6517295876179021,0.637997728102966,0.0739085454169253,46
RAJASTHAN,DUNGARPUR,731386,298867,14930783,34819.137765385,27563.1539379,0.8770604840353708,0.863026413743062,0.25086023267245616,42
RAJASTHAN,BANSWARA,781660,249137,10481754,25152.7633376252,19424.2523952002,0.8303350722716355,0.8141753172096775,0.24022320245647397,32
RAJASTHAN,CHITTORGARH,326051,88584,4238737,8573.835366048,7335.3303757,0.5977191232868676,0.5788402430123665,0.16270896656534956,36
RAJASTHAN,KOTA,250509,91996,4136371,7793.13672491001,7396.03611780001,0.7257175799853992,0.7101691055058931,0.18792716648406116,37
RAJASTHAN,BARAN,414503,116497,5236165,12268.4203687149,10259.3763167999,0.6337539982019559,0.6208959311685449,0.2568518247105379,39
RAJASTHAN,JHALAWAR,569388,126568,6020794,17522.885969918,12128.0833528,0.8506199766948519,0.836525839132353,0.2602177981963587,38
RAJASTHAN,PRATAPGARH,477636,192787,9076302,23250.108689,17849.8997374,0.8546765679520444,0.8424136813357851,0.16450636883194503,41
SIKKIM,Mangan District,9426,4909,320000,566.3600189,437.4599492,0.8646913127236033,0.8598908240187159,0.2471042471042471,32
SIKKIM,Gangtok District,12798,6183,430000,1028.327383711,760.2253848,0.7389145496535797,0.7612122267700079,0.3638426626323752,44
SIKKIM,Namchi District,36317,14726,1200000,2718.609687384,1422.6222203,0.8042741667589415,0.7779016612777344,0.27119016249451033,35
SIKKIM,Gyalshing District,21935,9692,730000,1791.629703364,1172.620249,0.9263091216216216,0.8988366211431462,0.47938931297709925,45
SIKKIM,SORENG,21189,9787,700000,1697.98109335,1159.8456036,0.8993633276740237,0.8732844770153231,0.31791369140018627,44
SIKKIM,PAKYONG,13736,8056,620000,1514.977728802,1039.5092655,0.8315776728417484,0.8202229911572472,0.3475321162947938,48
TAMIL NADU,KANCHIPURAM,157888,87083,1500000,8104.6343993,6080.1471714,0.881937617302708,0.9081907811578327,0.6663824344489447,23
TAMIL NADU,TIRUVALLUR,315455,208499,6400000,21924.3385638981,17073.5477434001,0.827781203668473,0.8561118470402349,0.5131846684107803,33
TAMIL NADU,CUDDALORE,684798,333899,7500000,27161.8221241949,19545.4938703999,0.9168843514644351,0.8923094105201937,0.4644563792447245,22
TAMIL NADU,VILLUPURAM,598923,350171,8100000,28340.4269729929,21601.4897857999,0.9310065023386968,0.9316185328688178,0.6275293733681462,23
TAMIL NADU,VELLORE,157805,95581,1600000,8967.75751110001,6161.41666620001,0.8360308336203014,0.904014866384331,0.6277883569096845,23
TAMIL NADU,TIRUVANNAMALAI,641750,421476,11000000,33579.1101870638,25615.0453599998,0.9547663184329782,0.9471132359623986,0.5766408643767135,29
TAMIL NADU,SALEM,420293,192678,3000000,18182.876013975,10639.6267761,0.7984395689152401,0.782366020157845,0.6570795319828875,19
TAMIL NADU,NAMAKKAL,228145,112345,2100000,11161.996005653,8597.1430965,0.8228795464054363,0.8265526174211428,0.6176520413349145,26
TAMIL NADU,DHARMAPURI,279973,187645,4100000,16119.2999145,12680.6855323,0.8836527414813973,0.8762017638402017,0.6028980697970245,23
TAMIL NADU,ERODE,160847,76580,2000000,8748.486918738,6342.257525,0.7260830508245044,0.7300274466213262,0.6423801369863014,27
TAMIL NADU,COIMBATORE,84468,33321,600000,4882.076559328,2958.4222651,0.6847775859133691,0.6848047045157544,0.6676942046855734,28
TAMIL NADU,THE NILGIRIS,40588,13317,400000,1794.2273198,1234.3001163,0.5908091820841642,0.5672596726322712,0.6213573619631901,27
TAMIL NADU,THANJAVUR,358253,208966,3300000,16998.014705003,13025.1736284,0.9259025697619423,0.9123561414166783,0.5653452406883032,24
TAMIL NADU,NAGAPATTINAM,164391,64457,1100000,4720.0506828,2928.7456537,0.9156640598890449,0.8935799255885346,0.7093733261917514,15
TAMIL NADU,TIRUVARUR,263308,86440,1300000,6518.461401301,3414.1800637,0.924728086225728,0.9080217640379586,0.6637303436225975,13
TAMIL NADU,TIRUCHIRAPPALLI,376035,238785,3300000,16868.311846037,12981.0868002,0.929199603644298,0.9324848358212624,0.6580494321977288,19
TAMIL NADU,KARUR,156486,83504,2200000,8766.4930384,7662.6911516,0.8747121296813862,0.870941682800117,0.645877378435518,30
TAMIL NADU,PERAMBALUR,176346,94982,1900000,6351.33990006,5022.5542656,0.8854844540853217,0.8610113829283905,0.4760960564000881,18
TAMIL NADU,PUDUKKOTTAI,426996,232427,6000000,23219.9825260009,17554.2144700009,0.8936691216636214,0.8821108878061581,0.48626977152899825,28
TAMIL NADU,MADURAI,312579,222246,5400000,25212.0202011651,17953.8133721001,0.8885714529375144,0.9099503366374303,0.6352987889616836,29
TAMIL NADU,THENI,104829,55910,1100000,4788.0963047,3664.7393879,0.7546106336111951,0.7354437632008757,0.6106194690265486,21
TAMIL NADU,DINDIGUL,346748,206832,4600000,27175.7068495,20413.9373138,0.9100304701216968,0.8995266957446675,0.6237557507319114,32
TAMIL NADU,RAMANATHAPURAM,246794,156492,3600000,15675.00454,11325.7000613,0.9018073125634898,0.8909492706486193,0.5602621743134175,29
TAMIL NADU,VIRUDHUNAGAR,268526,153532,4900000,15833.4046507,12226.5449897,0.8879270151676978,0.8754405921558575,0.4615013042218143,29
TAMIL NADU,SIVAGANGAI,222699,145323,4200000,20737.1485573998,13266.7403886997,0.9252639319946653,0.9196158852567724,0.3893601097667457,33
TAMIL NADU,TIRUNELVELI,114875,51140,1800000,7668.48681670597,4552.53838819997,0.8173247954464603,0.8059229846548372,0.558534514133204,30
TAMIL NADU,THOOTHUKKUDI,180782,115296,3100000,12959.6589895,9233.0220769,0.8387749326083023,0.8786054156933991,0.4542688548773742,29
TAMIL NADU,KANNIYAKUMARI,49868,24376,600000,3530.953055106,2657.6179952,0.5179960735839453,0.5109408204005409,0.7502935420743639,36
TAMIL NADU,KRISHNAGIRI,288674,179207,4400000,19864.1062251,13973.89914,0.8591769373402105,0.863897772164145,0.5806884480746791,28
TAMIL NADU,ARIYALUR,250562,147765,2200000,10553.2408957,7704.2568182,0.9508669533108927,0.9386316691281976,0.6409257561869844,18
TAMIL NADU,TIRUPPUR,157470,73140,2500000,9576.670042918,7550.4035383,0.6924436705187061,0.7537860145161199,0.6192075218267293,36
TAMIL NADU,CHENGALPATTU,231385,139359,3000000,15930.9089335899,13196.9675956999,0.8566134549600912,0.8911543302002872,0.5981472511503996,31
TAMIL NADU,Ranipet,222131,134958,2800000,13816.7523523,11288.8159408,0.8840295935464101,0.8651024337106402,0.6272594877066735,29
TAMIL NADU,TIRUPATHUR,152311,92970,1900000,7655.09374860002,6315.51896920002,0.9061869716026393,0.9109721519338357,0.6924461839530333,24
TAMIL NADU,TENKASI,186439,84985,2000000,7693.84823487999,5545.6760181,0.8675132147111376,0.8468097690810065,0.6603049476195415,22
TAMIL NADU,KALLAKURICHI,512461,243090,3100000,24520.3692758,15982.667511,0.9553104389356379,0.9382310124993726,0.5859780727062897,22
TAMIL NADU,MAYILADUTHURAI,224721,96379,1400000,5669.2381775,3703.7545176,0.9577879595098562,0.9446030839520274,0.5178469717106512,14
TRIPURA,WEST TRIPURA,139954,74133,3765576,7677.608133684,5374.4686056,0.8776086084077456,0.8839218745312172,0.40088264433036114,32
TRIPURA,SOUTH TRIPURA,185008,87104,5065374,9594.80592107499,7709.65732589999,0.9418568541305001,0.9233349626690436,0.32063160642046196,38
TRIPURA,NORTH TRIPURA,132211,65053,3661900,6400.05147749998,4962.55974759998,0.9218256486058721,0.8995511057839197,0.5683163973974705,34
TRIPURA,DHALAI,165359,90567,7319336,13282.0083104001,11253.4617848001,0.9752758756952186,0.9693180549494047,0.532633371169126,53
TRIPURA,Unakoti,94977,46592,2442219,4836.6929,3920.7634178,0.9259363971376762,0.9107461208319577,0.4849169435215947,37
TRIPURA,Khowai,118772,64328,4225555,7759.6825552,6027.8918313,0.9450049330065879,0.9377937517279513,0.45150081324855834,39
TRIPURA,Sepahijala,135827,65383,3155814,8010.91337710001,5603.18077910001,0.9244208205156127,0.9229271644525882,0.5252875661858681,37
TRIPURA,Gomati,169254,80356,5364226,10442.071254,8178.7233462,0.9358339922259882,0.9189950292632085,0.5774967247808123,43
UTTAR PRADESH,BIJNOR,272903,112252,2729399,10405.99145761,7582.1752009,0.7136099532981545,0.6794383098324905,0.2505174530784073,26
UTTAR PRADESH,MORADABAD,148864,60596,2467287,7736.44187958799,5882.18484119999,0.5440617507748085,0.5483304399029432,0.30957078346266825,37
UTTAR PRADESH,RAMPUR,150131,75283,2860182,11507.425774313,9384.02043469999,0.6412867510433174,0.6237977572910203,0.35691318327974275,49
UTTAR PRADESH,SAHARANPUR,128778,48166,1167663,4453.2727359,3285.7760791,0.5564471176905228,0.5142992327825259,0.2178101743296972,27
UTTAR PRADESH,MUZAFFARNAGAR,42258,12342,617080,1303.359428189,1022.2159645,0.4187526012248053,0.39450419363776035,0.49420442571127504,33
UTTAR PRADESH,MEERUT,26879,10625,508143,1369.4857564,959.871448100002,0.45677627665901943,0.45306775166494606,0.3940160762131587,36
UTTAR PRADESH,GHAZIABAD,49,18,71,2.173248,2.173248,0.002527206147815772,0.00220649775545918,0.1724137931034483,13
UTTAR PRADESH,BULANDSHAHR,51634,18313,484406,2416.1392885,1776.515103,0.4272746079688858,0.4204668320295109,0.07256376463291728,40
UTTAR PRADESH,ALIGARH,159956,58716,1865659,7607.88415383501,4892.55506050001,0.6167786813500372,0.6008625904269184,0.22583038715027717,34
UTTAR PRADESH,MATHURA,120904,55194,1989601,7584.57266290001,6202.70510630001,0.622677269168967,0.6153055702081892,0.30675464101990607,45
UTTAR PRADESH,AGRA,181833,75067,2715934,11268.761593372,8446.05665170004,0.6756828062873917,0.6497177806078329,0.3040492874947091,45
UTTAR PRADESH,FIROZABAD,139142,74546,3172065,11629.405814607,9446.73597559999,0.6530035667354984,0.6561392799004118,0.32828950366893034,51
UTTAR PRADESH,ETAH,106468,44431,1828262,8624.27246166603,5173.08959500003,0.5652217768693759,0.5572750901761087,0.3056246025781837,46
UTTAR PRADESH,MAINPURI,165420,83165,3337790,19618.526266346,11915.8274805,0.6335746294381248,0.6137667584580996,0.4872244977569729,57
UTTAR PRADESH,BUDAUN,180807,58685,2570220,7128.466153608,5346.656403,0.5855490281169239,0.5731842558262712,0.3229174218806641,36
UTTAR PRADESH,BAREILLY,244918,73512,2366038,8061.179053213,5451.9580754,0.6123256162808141,0.5711792106921162,0.3310272961472776,29
UTTAR PRADESH,PILIBHIT,222417,66628,1936233,7030.52735672497,4229.09632879997,0.5707214558443158,0.5357463025341517,0.2723672631270167,25
UTTAR PRADESH,SHAHJAHANPUR,233723,82292,2595856,10591.955708794,7341.400494,0.5027847273462591,0.46643678095568397,0.36348804110112126,36
UTTAR PRADESH,KHERI,375791,121929,4569134,17123.5004515,11721.3401267,0.48441220108615085,0.4496802122008314,0.4310461105651579,38
UTTAR PRADESH,SITAPUR,479172,150218,6065557,22516.786242196,15619.2700696,0.4994642328523242,0.4746578465502392,0.3503519066486116,41
UTTAR PRADESH,HARDOI,325512,124645,5642043,18395.119343753,12939.3724053,0.526415204186585,0.5104334831947276,0.4170886075949367,41
UTTAR PRADESH,UNNAO,164038,56274,2358767,8473.124915102,6293.2598171,0.4472551981372319,0.4374383640163342,0.2752730814722048,44
UTTAR PRADESH,LUCKNOW,74270,15246,614595,1872.458623272,1057.7027319,0.3664650212665173,0.36633933241493116,0.27607960946301163,27
UTTAR PRADESH,RAE BARELI,246643,62015,2193866,7265.69803567501,4624.21564110001,0.5497827778136904,0.5020687075334492,0.23030099209685556,30
UTTAR PRADESH,FARRUKHABAD,92280,31119,1321041,4492.437728786,3481.2756958,0.6408155329018639,0.6107217109822533,0.2549089866704887,44
UTTAR PRADESH,ETAWAH,100047,37131,1355956,5691.95392240801,3443.77232040001,0.5847145595661118,0.558816449063978,0.3125750194167902,36
UTTAR PRADESH,KANPUR DEHAT,109732,30075,1313746,3701.935781428,2496.5015314,0.5205873283203264,0.49443329525456176,0.22216617754952311,32
UTTAR PRADESH,KANPUR NAGAR,80547,18178,694320,1949.769304632,1338.6720728,0.4772533358613988,0.4452892009893195,0.2465105085833467,30
UTTAR PRADESH,JALAUN,264180,111513,5155903,19330.301798223,11980.0277409,0.7856490719895795,0.7703000806853101,0.3090730429086145,43
UTTAR PRADESH,JHANSI,171207,51103,2395550,9591.992185413,6503.1567441,0.558961132241793,0.5409368264472846,0.3752107925801012,50
UTTAR PRADESH,LALITPUR,221065,71807,2676942,9792.47313477098,7377.86958609998,0.689045220491977,0.661610987946895,0.33832251900800125,41
UTTAR PRADESH,HAMIRPUR,188878,70072,3025971,11865.42872085,8855.03189909998,0.6437362180437546,0.6375682717570234,0.36454563731403294,50
UTTAR PRADESH,BANDA,201145,39181,1925999,6446.66768683099,4296.51351009999,0.5258321634812706,0.5046207956015524,0.38596978228972517,43
UTTAR PRADESH,FATEHPUR,200339,46788,2459516,6986.835864111,4286.2339268,0.5331568022141793,0.5151848846644257,0.25936783074177927,35
UTTAR PRADESH,PRATAPGARH,253535,76455,4245556,12141.52739157,7813.97075510001,0.5139111857040929,0.5121770117887592,0.5103260579539997,40
UTTAR PRADESH,PRAYAGRAJ,324722,87440,3662353,11402.369205612,7782.92730829999,0.4819650135214161,0.4580614897404436,0.3983454747499691,35
UTTAR PRADESH,BAHRAICH,355844,148271,6819678,22191.920698242,15961.999271,0.556724772910037,0.5606294451152395,0.2920686705524279,43
UTTAR PRADESH,GONDA,204926,72765,2936535,10422.047338616,8192.12588800002,0.4352857461473921,0.4413022278898807,0.2945978469444173,44
UTTAR PRADESH,BARABANKI,281330,99759,4801864,15728.502704306,11032.2699334,0.5547470875432826,0.5316357507692466,0.36687666246675066,43
UTTAR PRADESH,AYODHYA,185869,68388,2610257,10051.312427758,6835.17383570001,0.5805195251376583,0.54920245501162,0.33802504710185083,39
UTTAR PRADESH,SULTANPUR,289660,106690,4682957,17653.6999724719,12363.6931065999,0.5498992882785225,0.5470982337996753,0.4611124488321695,47
UTTAR PRADESH,SIDDHARTH NAGAR,360733,156199,5883585,19700.143595824,15168.6071761,0.6850995459043075,0.6729797615266911,0.34392089533257025,38
UTTAR PRADESH,MAHARAJGANJ,337850,131636,4965261,15649.964861728,11828.6322096,0.6328663403522772,0.6024835340684496,0.3093694298778125,35
UTTAR PRADESH,BASTI,364054,157007,7805136,24518.701350941,15940.3385568,0.7052986419202976,0.6970771925908312,0.3719666134267608,40
UTTAR PRADESH,GORAKHPUR,259004,117207,4684517,18068.093111141,13624.1476546,0.5482622049960945,0.5272737553362924,0.3423868060451856,46
UTTAR PRADESH,DEORIA,153849,65811,2486035,9057.378380417,6650.5925794,0.5366744456188453,0.5315574146279697,0.22082143989850936,40
UTTAR PRADESH,MAU,212776,81818,2667627,11061.19441266,8349.41236689998,0.5899906555790629,0.5613428966945228,0.4165210786175465,40
UTTAR PRADESH,AZAMGARH,384831,141473,6667721,24191.03625886,16353.2462694,0.5905250461885968,0.5981148815394488,0.39662744919554876,46
UTTAR PRADESH,JAUNPUR,405489,147246,6895847,23420.702580495,16162.3602849,0.608984072869812,0.6095697407578595,0.47787488341566203,43
UTTAR PRADESH,BALLIA,209275,77406,2396317,10443.729646535,7962.36274090003,0.5062582249574238,0.4929684344516113,0.39115275659185006,41
UTTAR PRADESH,GHAZIPUR,374695,154397,5199651,21360.8929844142,15162.8281430002,0.608583299224927,0.593072827893862,0.4015417146221996,39
UTTAR PRADESH,VARANASI,122706,34986,1097678,4682.6638355,2625.4895003,0.5256087897025122,0.4780762069343199,0.2705344384109746,29
UTTAR PRADESH,MIRZAPUR,220199,60467,2489734,6914.44388510001,5146.60962980001,0.5350167892043715,0.5044788174390146,0.3320893220652643,34
UTTAR PRADESH,SONBHADRA,263058,67998,2751927,8734.87736965398,5598.80350979998,0.6055593282766082,0.5867394041124633,0.3311513593831573,33
UTTAR PRADESH,GAUTAM BUDDHA NAGAR,553,0,0,0.0,0.0,0.043352148008780185,0.04563106796116505,0.0,0
UTTAR PRADESH,BAGHPAT,4738,837,22233,36.5555597,32.3936437,0.21779902546658086,0.20580281690140845,0.07498790517658442,15
UTTAR PRADESH,HATHRAS,66290,24733,711867,2888.221261803,1983.0305077,0.6160036426825756,0.5844223479113931,0.19232348111658457,32
UTTAR PRADESH,AMROHA,145389,57136,2095165,7518.12933588601,4556.7852683,0.7212328359393603,0.698373653181541,0.40388227927363807,32
UTTAR PRADESH,KANNAUJ,117115,46353,1698493,6178.630011118,4440.0815757,0.6450733394656106,0.6269205307146994,0.20937467046293368,38
UTTAR PRADESH,AURAIYA,115483,60667,2177613,8804.75671273011,6924.91590060011,0.645434069404157,0.6261719584191564,0.30878332194121666,45
UTTAR PRADESH,KAUSHAMBI,108134,31617,1184864,4216.305026809,2696.8613075,0.5429040501664348,0.5099336003372681,0.22504413961700395,34
UTTAR PRADESH,CHANDAULI,224981,110925,3850811,23117.6646750562,14929.7228717002,0.7330998077487048,0.7098001413189456,0.18765110656499906,54
UTTAR PRADESH,KUSHI NAGAR,261143,98673,3478069,13151.165327129,9736.28458460001,0.49182436606349156,0.4697862783158365,0.43454045771821875,38
UTTAR PRADESH,SANT RAVIDAS NAGAR,91309,27868,1123975,3612.27895755699,2338.02406979998,0.5435836071819784,0.5220680560052435,0.2751000522011484,33
UTTAR PRADESH,SANT KABEER NAGAR,225807,95166,3806387,13121.240904711,9640.5339288,0.6680304953271857,0.6706043914924189,0.5565525085302666,40
UTTAR PRADESH,BALRAMPUR,189041,63687,2968460,8837.898982226,5273.9460676,0.7317923863645162,0.7117803794913201,0.33838213844945586,33
UTTAR PRADESH,SHRAVASTI,110794,42445,1881499,6124.93562514,4815.10338479999,0.5706442242320608,0.5413366917838922,0.35447786187956326,45
UTTAR PRADESH,CHITRAKOOT,135344,27798,1170554,3870.77531118598,2400.04346539998,0.5756453170123811,0.556096032265097,0.3225069168771803,35
UTTAR PRADESH,AMBEDKAR NAGAR,206011,67530,2534248,9130.06548565,5913.4796988,0.555523795912534,0.5265502108252302,0.2989384578625798,34
UTTAR PRADESH,MAHOBA,84952,20530,883633,3107.12631269999,2093.32879029999,0.5008548822620774,0.46474872830196146,0.24083938660209847,40
UTTAR PRADESH,KASHGANJ,112982,44169,1290805,5736.88067775601,3602.13343490001,0.7164090142416902,0.6858763913551907,0.26872021783526207,32
UTTAR PRADESH,AMETHI,178120,45854,2335217,7786.92515569099,4582.21686249999,0.5755609554337711,0.5451401367332012,0.35120124542432785,40
UTTAR PRADESH,HAPUR,9686,4592,176610,571.4627777,524.6767199,0.46029558523024283,0.47738987816307404,0.4329388560157791,45
UTTAR PRADESH,SHAMLI,21827,6863,284079,664.50604198,599.0642795,0.36703773457994215,0.342024006707155,0.12175989085948158,36
UTTAR PRADESH,SAMBHAL,118323,41150,1594387,4589.136696936,2879.3930583,0.6165514222738665,0.6001652534870453,0.14502808060786257,28
WEST BENGAL,NADIA,171154,0,0,792.29587,0.0,0.11507590192790493,0.10606306360513697,0.0440251572327044,0
WEST BENGAL,PASCHIM BARDHAMAN,29832,0,0,306.32527,0.0,0.1040599132834056,0.0977469893270932,0.0,0
WEST BENGAL,BIRBHUM,210488,0,0,738.14401,0.0,0.15474339435937362,0.14617326128741512,0.24766355140186916,0
WEST BENGAL,SILIGURI MAHAKUMA PARISAD,14804,0,0,117.94047,3.03057,0.06895973466992118,0.062280460086782834,0.0,0
WEST BENGAL,HOWRAH,103595,0,0,377.32367,0.0,0.17869093944913617,0.15512402801955377,0.007692307692307693,0
WEST BENGAL,HOOGHLY,169728,0,0,961.28057,0.0,0.11082316207221449,0.10318975259084788,0.773784355179704,0
WEST BENGAL,JALPAIGURI,160249,0,0,396.51321,0.0,0.2063471624351821,0.19525851622125606,0.550098231827112,0
WEST BENGAL,COOCHBEHAR,75003,0,0,655.83622,0.0,0.05968767880718547,0.05708571549506133,0.0,0
WEST BENGAL,MALDAH,99660,0,0,559.51288,0.0,0.08512891914631907,0.08436113505280007,0.0,0
WEST BENGAL,PASCHIM MEDINIPUR,445360,0,0,1051.20376,0.0,0.2510351762646173,0.2362616830845144,0.5912181303116147,0
WEST BENGAL,PURBA MEDINIPUR,166846,0,0,1068.93275,0.0,0.0850765044012913,0.08161174012046343,0.5949781659388647,0
WEST BENGAL,MURSHIDABAD,139336,0,0,927.18549,0.0,0.06683249762333478,0.06406198772321066,0.6642857142857143,0
WEST BENGAL,BANKURA,126722,0,0,870.03888,0.0,0.08235503610774614,0.07872542017112955,0.054613935969868174,0
WEST BENGAL,PURULIA,135942,0,0,661.21943,2.74959,0.12059635501681973,0.11543671538138665,0.5432883240667196,0
WEST BENGAL,NORTH 24 PARGANAS,157104,0,0,786.14172,1.1322,0.10324893993443761,0.09698743179533678,0.0,0
WEST BENGAL,SOUTH 24 PARGANAS,257291,0,0,1120.7956,0.0,0.10917042426052802,0.10177091825417374,0.9888564672737334,0
WEST BENGAL,DAKSHIN DINAJPUR,61878,0,0,297.59524,0.0,0.11861749031936511,0.10889450237853632,0.04371584699453552,0
WEST BENGAL,UTTAR DINAJPUR,19322,0,0,350.44954,0.0,0.02066718578860898,0.019188181648911937,0.9385267620561738,0
WEST BENGAL,GORKHALAND TERRITORIAL ADMINISTRATION (GTA),9382,0,0,311.31669,0.0,0.04493079833341315,0.04598303295672231,0.0,0
WEST BENGAL,ALIPURDUAR,279939,0,0,0.3380521,0.0,0.43812005540296267,0.41483202046724565,0.02795698924731183,0
WEST BENGAL,KALIMPONG,21330,0,0,57.28918,0.0,0.23867069486404835,0.20910330474721017,0.0,0
WEST BENGAL,JHARGRAM,62866,0,0,0.0,0.0,0.1335610835983692,0.12581216263597367,0.005672609400324149,0
WEST BENGAL,PURBA BARDHAMAN,169625,0,0,0.0,0.0,0.09307004683542637,0.09114839076563029,0.7243335224049915,0
CHHATTISGARH,BILASPUR,283501,90590,4033195,10353.475444712,8952.28571630002,0.762663259129733,0.7467977241593089,0.6298860309686447,39
CHHATTISGARH,KAWARDHA,391363,100688,6234864,9738.30843495988,7527.03601929988,0.8697187480555038,0.8583981605283416,0.3524075799937869,34
CHHATTISGARH,DURG,188838,47268,1896767,5118.964995157,3106.9099897,0.8751656826123629,0.8521209610604805,0.3697376943005181,24
CHHATTISGARH,RAJNANDAGON,245755,87609,4004145,8157.02076379791,7004.47648199991,0.9508655311970409,0.9351762468919117,0.40540682414698165,31
CHHATTISGARH,SURGUJA,173971,40631,2048910,5554.898243352,4372.6252053,0.7778438508794677,0.7336568478966402,0.559926438895434,39
CHHATTISGARH,KOREA,66027,24114,1297424,3146.22500194996,2162.44658059996,0.8814294677542084,0.8601573833912164,0.46777691039986125,35
CHHATTISGARH,JASHPUR,251867,63058,3181284,11994.0134181401,7355.29543630007,0.8427647913055699,0.8167045632742669,0.415418615628889,42
CHHATTISGARH,KORBA,220176,69231,1747806,10736.3355156995,8212.39065469951,0.8258726622105192,0.8364366612160624,0.6561060855263158,44
CHHATTISGARH,DHAMTARI,328659,53281,3042847,6196.118002159,4980.5452493,0.9086935244399101,0.8851515263462509,0.47738582677165353,35
CHHATTISGARH,KANKER,246247,72602,3247126,8984.52663028895,6743.35600999995,0.8880550186088111,0.8516475301997368,0.654771273137852,34
CHHATTISGARH,BASTAR,157751,37558,2052068,6402.05732958197,5299.48884959997,0.5622618644520877,0.531947285789048,0.4337855297157623,53
CHHATTISGARH,DANTEWADA,62890,11055,582227,1587.31620739,1132.4158718,0.6647007842391189,0.5670876085240726,0.29958611907035976,38
CHHATTISGARH,RAIGARH,196105,54571,2493045,7628.25492263894,6052.73491839994,0.8328626215179713,0.7894390792245805,0.6567679105618272,42
CHHATTISGARH,JANJGIR-CHAMPA,230323,54256,2565563,6869.85022034699,5376.59249819999,0.7696443548899115,0.7166976601067602,0.5468792322872732,37
CHHATTISGARH,MAHASAMUND,307676,58430,4041655,7785.26054913997,6489.59572849997,0.8295165943220727,0.7938439741998711,0.6348681864644495,43
CHHATTISGARH,RAIPUR,265138,88276,2845155,9513.78935817497,7047.69037309997,0.857793609043233,0.8214398664119723,0.6873525115181481,33
CHHATTISGARH,BIJAPUR,84176,18337,1313426,2604.406999683,1823.7826431,0.7474471221296773,0.6990905423741245,0.3515831833103886,37
CHHATTISGARH,NARAYANPUR,42809,8545,481951,1444.07430572,987.639282699998,0.6966816931664687,0.6457823025107164,0.47103870788081315,42
CHHATTISGARH,BALODA BAZAR,386302,69463,3194322,7392.83736811796,6208.58974079996,0.8693290245922298,0.8191544452209413,0.5317276909703819,36
CHHATTISGARH,GARIYABAND,296035,67223,2546065,7523.87403185505,5923.54098040005,0.9126179172575375,0.874510888897672,0.6371804837898395,35
CHHATTISGARH,BEMETARA,251881,61436,4031040,5738.97956660016,4646.01802390016,0.7491530868089739,0.6983124204854442,0.6928290633048665,34
CHHATTISGARH,BALOD,321284,86717,3855482,8247.58640567715,5904.35200530015,0.9079897468071818,0.8733778801550889,0.6126439482961222,26
CHHATTISGARH,KONDAGAON,194582,35923,1642545,5967.081804195,4012.5511109,0.8464024567951177,0.7921790383867396,0.5840494900518308,40
CHHATTISGARH,SUKMA,62175,10911,745069,1869.4198219,1445.0707194,0.6769631113627456,0.6381449901925463,0.5411217202920645,48
CHHATTISGARH,MUNGELI,222392,66364,4250288,7670.34223981377,6400.39669989977,0.7949584097400206,0.7652703035419085,0.6341439720216314,42
CHHATTISGARH,SURAJPUR,215463,69451,1974277,8096.4805038188,6751.0328408998,0.9040721703556068,0.8833792671012147,0.6621517579628732,36
CHHATTISGARH,BALRAMPUR,200568,70267,2857838,10102.7329024999,8474.77530369987,0.8767118497375127,0.8493796412309385,0.6454849498327759,43
CHHATTISGARH,GAURELA PENDRA MARWAHI,119126,34877,1942555,4861.86174470191,3569.38719959991,0.9016090701300274,0.8798775153105862,0.540443587270974,40
CHHATTISGARH,SAKTI,209673,72048,2507991,10506.0358985709,7093.9187072999,0.8347918524652822,0.7809847069143053,0.6697386519944979,37
CHHATTISGARH,MOHLA MANPUR AMBAGARH CHOWKI,132666,33608,1672497,3429.02966570002,2681.02868160002,0.9650752544246983,0.9472771919687997,0.5952932993276142,31
CHHATTISGARH,KHAIRAGARH CHHUIKHADAN GANDAI,158621,45014,2568601,3816.83661911712,3162.53563450012,0.9449713448271754,0.9315981018762619,0.5276890895078719,30
CHHATTISGARH,SARANGARH BILAIGARH,224909,60660,2534365,8057.11133988505,5742.19031460005,0.8287298721397252,0.7782549695044663,0.6099014718404087,38
CHHATTISGARH,MANENDRAGARH CHIRMIRI BHARATPUR,138453,42760,1567607,5327.52318429293,3633.31875979993,0.9122854413072843,0.8938699188928456,0.574512783836939,32
JHARKHAND,RANCHI,253104,80600,3869743,12831.415661786,10413.3275716,0.4455742553341314,0.4137722367266693,0.19107668029553115,45
JHARKHAND,LOHARDAGA,114074,28069,1662169,4363.349561635,3803.622459,0.5589506384563371,0.5230788186677787,0.20761871013465627,48
JHARKHAND,GUMLA,196874,64649,3989065,8750.91599915101,7672.45819460001,0.5055362113415298,0.4927523943172327,0.10018249761015034,44
JHARKHAND,SIMDEGA,162311,59136,3794248,9323.743075715,8681.7808283,0.5585567294125744,0.5444136984244452,0.20771664995970673,51
JHARKHAND,PALAMU,306163,136022,6905949,17199.858236804,15226.1628764,0.48605865477885785,0.4709627657642451,0.1551721001309853,40
JHARKHAND,LATEHAR,180124,114549,6042177,16341.594364002,15522.5835187,0.652611365736128,0.6455809603719824,0.29368615101006224,48
JHARKHAND,GARHWA,363654,167508,12157825,18887.613765587,17376.5665366,0.5916141868709135,0.5775815454090902,0.2467630231857874,37
JHARKHAND,WEST SINGHBHUM,225547,82749,4112777,11745.815950098,10166.117936,0.4090902495383957,0.4040481932699175,0.1883269510101677,44
JHARKHAND,SARAIKELA KHARSAWAN,218131,62830,3205787,8277.68051950001,7296.13017450001,0.5039564547393129,0.47085858813225673,0.10448357407644127,41
JHARKHAND,EAST SINGHBUM,217795,58749,3125595,8326.204564425,6598.9067429,0.42285364811866577,0.390172375577569,0.17783778570739706,39
JHARKHAND,DUMKA,223841,106351,6675748,16370.61264266,14783.9505662,0.4504785709685729,0.4564906389762835,0.2487706243934002,49
JHARKHAND,JAMTARA,196359,114364,6078228,17042.38731086,16279.2650047,0.5809162879863675,0.5600664731625885,0.21709192352180717,50
JHARKHAND,SAHEBGANJ,160004,69225,3207794,8559.648851427,7367.0255452,0.3513158645886853,0.34262431780886354,0.19312708410522417,37
JHARKHAND,PAKUR,130268,62477,3445831,8889.99884097902,7915.08349710002,0.3940255529206795,0.3883586056908113,0.18102917404356864,45
JHARKHAND,GODDA,194262,76213,4588056,10774.202558356,9347.12076479999,0.4083476447626475,0.39949174915516017,0.162370398554171,43
JHARKHAND,HAZARIBAGH,240478,118399,6147794,17472.94036755,15892.1147937,0.43935922592621013,0.44187488990281676,0.2549559849091117,47
JHARKHAND,CHATRA,218869,124481,6605601,14382.725741659,13478.9941989,0.5982773513525333,0.5855631308371734,0.16277669457506594,38
JHARKHAND,KODERMA,86640,42739,2225837,6191.348499441,5452.0549735,0.4178784853351854,0.41499172381177585,0.19676104016002463,45
JHARKHAND,GIRIDIH,401153,199283,12604612,28015.4917672899,25495.2873627999,0.43207812784419236,0.4375327372635369,0.24770301937050088,45
JHARKHAND,BOKARO,216359,77066,4282895,11401.438172897,9615.0784263,0.3735028570442108,0.3580114686974485,0.2006906390843358,43
JHARKHAND,DHANBAD,163061,66734,3373329,8526.55752235501,6950.15716290001,0.37864190392595326,0.35479548575145137,0.34827958460672964,37
JHARKHAND,DEOGHAR,290735,133712,7389052,18999.915389155,17812.6101245,0.4425298028566906,0.44739552694135426,0.26339228547443905,47
JHARKHAND,RAMGARH,107869,43883,2533556,7718.200521565,6583.1161488,0.44813590022683275,0.42887781126825875,0.32845792704947635,53
JHARKHAND,KHUNTI,94420,30622,1976332,5039.66867114599,4446.5364176,0.37948025432652505,0.3743611611433227,0.1321278656764611,51
TELANGANA,Mahabubnagar,138541,47084,1777870,5957.337006726,3627.62396270001,0.6717758241971382,0.6118861044301342,0.2132717068339386,30
TELANGANA,Vikarabad,273152,92557,4492400,15494.1412431159,9740.90394278993,0.705237801398847,0.664939577903668,0.20218598817416233,37
TELANGANA,Medak,238853,69706,2527781,8442.73740838699,5398.07387129998,0.7071405944228817,0.657701141384818,0.12008353637312913,29
TELANGANA,Nizamabad,296614,72916,2993369,7057.403462846,4225.5825502,0.61488294765035,0.5946883448197083,0.11459459459459459,21
TELANGANA,Adilabad,233195,84292,4478766,13443.1215213559,10208.4192570999,0.6756651039885957,0.6281532766657527,0.18177471410925608,43
TELANGANA,Karimnagar,159595,48965,1637338,6381.711414387,3592.0595406,0.617441329629601,0.5727404891108776,0.12305036680845817,28
TELANGANA,Warangal,160451,43847,1315316,3346.76002009998,2555.49987409998,0.6118642581215942,0.5800584430103547,0.21698877444740192,24
TELANGANA,Khammam,389154,117464,3490058,16358.5526503181,8238.32075890008,0.5880084675975383,0.5476249230798065,0.1974479962783279,24
TELANGANA,Nalgonda,489541,161230,5950164,17854.4404023201,13460.3831551201,0.6369413243366672,0.5916986342585131,0.26525411172025487,29
TELANGANA,Jogulamba Gadwal,187779,35178,1354138,3761.81876837901,2049.83126123001,0.5216706439935881,0.49340544867079034,0.16864843440348792,19
TELANGANA,Hanumakonda,120487,37667,1122395,3895.537582067,2199.52820402,0.6168792271026076,0.5917284392413475,0.12253462022660512,22
TELANGANA,Jagtial,178463,57749,1981516,6682.46631104107,3728.50962500007,0.6416116599795793,0.5871734355283451,0.1431182599159203,22
TELANGANA,Jangaon,155082,49136,1702623,5562.22721391233,3449.58973325333,0.6976813237239182,0.6622004593318023,0.18722241202596515,27
TELANGANA,Jayashanker Bhopalapally,155783,35477,1285618,2629.4978096,2048.4185028,0.6585264813178731,0.6335712720899664,0.22046366473473028,22
TELANGANA,Kamareddy,296436,61478,2217279,5526.31346849,3081.2491021,0.6138674961016692,0.6077920757623745,0.11815602836879432,19
TELANGANA,Bhadradri Kothagudem,286568,83026,3251708,10557.230649627,6962.01371356002,0.6344519768507654,0.5888440829935344,0.18822838558135332,32
TELANGANA,Kumram Bheem(Asifabad),183260,62277,2831248,6787.81114961498,5446.11435809998,0.7683406424780097,0.7266521746290533,0.2002552734112589,35
TELANGANA,Mahabubabad,278921,85056,2864372,7523.48591143001,6077.97070663001,0.6519999158471503,0.6212303869266192,0.08051125191173257,27
TELANGANA,Medchal,4988,299,20124,81.7406906,10.8851257,0.22258913829265028,0.2152937788018433,0.14416475972540047,13
TELANGANA,Mancherial,160021,51455,2104962,7109.54807300299,4361.35398139999,0.6429903162293567,0.5903337697838421,0.18905055027047193,32
TELANGANA,Nagarkurnool,213680,59951,2018180,5782.32208428101,3724.13099435001,0.5524301964839711,0.5159784064938135,0.23367084623052306,24
TELANGANA,Nirmal,248670,85675,3200498,9525.03111531225,6560.90675130024,0.7502873884012756,0.702424845184652,0.17172312223858616,29
TELANGANA,Peddapalli,156001,46178,1515817,6668.525742,3405.281573,0.6208451399280461,0.5679707718069722,0.2451414625327669,26
TELANGANA,Sangareddy,232368,70550,3095980,7634.80937074005,4675.45643870005,0.5960109984815529,0.5548103343437253,0.2133010746638159,25
TELANGANA,Rangareddy,150710,39185,1435676,5684.8313027724,3380.6129753784,0.5463060633411994,0.49209736657489667,0.24405222972225296,27
TELANGANA,Siddipet,256733,81899,3553010,11988.16404523,7610.84466559004,0.6433798284875125,0.6032030484592775,0.20232763051619063,34
TELANGANA,Rajanna Sirsilla,128547,36724,1299892,4483.47905153002,2817.78141050002,0.6454069849175587,0.6082112208549223,0.16067538126361655,28
TELANGANA,Suryapet,381354,134802,3745087,12849.582333286,7773.48285500002,0.6595229901059618,0.6329642782536035,0.2148689138576779,22
TELANGANA,Wanaparthy,138921,39576,1489741,4402.883549773,2630.35285952999,0.5479318600440961,0.5229338374291115,0.22671379132611738,21
TELANGANA,Yadadri Bhuvanagiri,176109,61346,1988013,7089.53302646098,4491.99636113998,0.6098273802309677,0.5687790883009245,0.15903345287788817,26
TELANGANA,Mulugu,111872,30176,1034966,3874.78499957898,2338.20984159998,0.6500255659368753,0.6234334947308459,0.12335918854415275,27
TELANGANA,Narayanpet,129172,32677,1224095,4301.74351442701,2075.29031670001,0.6409694034516638,0.5681178728887097,0.20726848702749975,25
LADAKH,LEH (LADAKH),26314,11863,1000000,2637.673866185,1851.3999096,0.963529842548517,0.9502561658524962,0.6602704678362573,57
LADAKH,KARGIL,21288,20707,1500000,3790.5188514,3576.0871721,0.953763440860215,0.9532193865605245,0.48160863168219714,63
